,Date,Year,Quarter,QuarterNumber,MonthNumber,MonthName,Day,DayOfWeek
0,2016-01-01,2016,Q1,1,1,January,1,Friday
1,2016-01-02,2016,Q1,1,1,January,2,Saturday
2,2016-01-03,2016,Q1,1,1,January,3,Sunday
3,2016-01-04,2016,Q1,1,1,January,4,Monday
4,2016-01-05,2016,Q1,1,1,January,5,Tuesday
5,2016-01-06,2016,Q1,1,1,January,6,Wednesday
6,2016-01-07,2016,Q1,1,1,January,7,Thursday
7,2016-01-08,2016,Q1,1,1,January,8,Friday
8,2016-01-09,2016,Q1,1,1,January,9,Saturday
9,2016-01-10,2016,Q1,1,1,January,10,Sunday
10,2016-01-11,2016,Q1,1,1,January,11,Monday
11,2016-01-12,2016,Q1,1,1,January,12,Tuesday
12,2016-01-13,2016,Q1,1,1,January,13,Wednesday
13,2016-01-14,2016,Q1,1,1,January,14,Thursday
14,2016-01-15,2016,Q1,1,1,January,15,Friday
15,2016-01-16,2016,Q1,1,1,January,16,Saturday
16,2016-01-17,2016,Q1,1,1,January,17,Sunday
17,2016-01-18,2016,Q1,1,1,January,18,Monday
18,2016-01-19,2016,Q1,1,1,January,19,Tuesday
19,2016-01-20,2016,Q1,1,1,January,20,Wednesday
20,2016-01-21,2016,Q1,1,1,January,21,Thursday
21,2016-01-22,2016,Q1,1,1,January,22,Friday
22,2016-01-23,2016,Q1,1,1,January,23,Saturday
23,2016-01-24,2016,Q1,1,1,January,24,Sunday
24,2016-01-25,2016,Q1,1,1,January,25,Monday
25,2016-01-26,2016,Q1,1,1,January,26,Tuesday
26,2016-01-27,2016,Q1,1,1,January,27,Wednesday
27,2016-01-28,2016,Q1,1,1,January,28,Thursday
28,2016-01-29,2016,Q1,1,1,January,29,Friday
29,2016-01-30,2016,Q1,1,1,January,30,Saturday
30,2016-01-31,2016,Q1,1,1,January,31,Sunday
31,2016-02-01,2016,Q1,1,2,February,1,Monday
32,2016-02-02,2016,Q1,1,2,February,2,Tuesday
33,2016-02-03,2016,Q1,1,2,February,3,Wednesday
34,2016-02-04,2016,Q1,1,2,February,4,Thursday
35,2016-02-05,2016,Q1,1,2,February,5,Friday
36,2016-02-06,2016,Q1,1,2,February,6,Saturday
37,2016-02-07,2016,Q1,1,2,February,7,Sunday
38,2016-02-08,2016,Q1,1,2,February,8,Monday
39,2016-02-09,2016,Q1,1,2,February,9,Tuesday
40,2016-02-10,2016,Q1,1,2,February,10,Wednesday
41,2016-02-11,2016,Q1,1,2,February,11,Thursday
42,2016-02-12,2016,Q1,1,2,February,12,Friday
43,2016-02-13,2016,Q1,1,2,February,13,Saturday
44,2016-02-14,2016,Q1,1,2,February,14,Sunday
45,2016-02-15,2016,Q1,1,2,February,15,Monday
46,2016-02-16,2016,Q1,1,2,February,16,Tuesday
47,2016-02-17,2016,Q1,1,2,February,17,Wednesday
48,2016-02-18,2016,Q1,1,2,February,18,Thursday
49,2016-02-19,2016,Q1,1,2,February,19,Friday
50,2016-02-20,2016,Q1,1,2,February,20,Saturday
51,2016-02-21,2016,Q1,1,2,February,21,Sunday
52,2016-02-22,2016,Q1,1,2,February,22,Monday
53,2016-02-23,2016,Q1,1,2,February,23,Tuesday
54,2016-02-24,2016,Q1,1,2,February,24,Wednesday
55,2016-02-25,2016,Q1,1,2,February,25,Thursday
56,2016-02-26,2016,Q1,1,2,February,26,Friday
57,2016-02-27,2016,Q1,1,2,February,27,Saturday
58,2016-02-28,2016,Q1,1,2,February,28,Sunday
59,2016-02-29,2016,Q1,1,2,February,29,Monday
60,2016-03-01,2016,Q1,1,3,March,1,Tuesday
61,2016-03-02,2016,Q1,1,3,March,2,Wednesday
62,2016-03-03,2016,Q1,1,3,March,3,Thursday
63,2016-03-04,2016,Q1,1,3,March,4,Friday
64,2016-03-05,2016,Q1,1,3,March,5,Saturday
65,2016-03-06,2016,Q1,1,3,March,6,Sunday
66,2016-03-07,2016,Q1,1,3,March,7,Monday
67,2016-03-08,2016,Q1,1,3,March,8,Tuesday
68,2016-03-09,2016,Q1,1,3,March,9,Wednesday
69,2016-03-10,2016,Q1,1,3,March,10,Thursday
70,2016-03-11,2016,Q1,1,3,March,11,Friday
71,2016-03-12,2016,Q1,1,3,March,12,Saturday
72,2016-03-13,2016,Q1,1,3,March,13,Sunday
73,2016-03-14,2016,Q1,1,3,March,14,Monday
74,2016-03-15,2016,Q1,1,3,March,15,Tuesday
75,2016-03-16,2016,Q1,1,3,March,16,Wednesday
76,2016-03-17,2016,Q1,1,3,March,17,Thursday
77,2016-03-18,2016,Q1,1,3,March,18,Friday
78,2016-03-19,2016,Q1,1,3,March,19,Saturday
79,2016-03-20,2016,Q1,1,3,March,20,Sunday
80,2016-03-21,2016,Q1,1,3,March,21,Monday
81,2016-03-22,2016,Q1,1,3,March,22,Tuesday
82,2016-03-23,2016,Q1,1,3,March,23,Wednesday
83,2016-03-24,2016,Q1,1,3,March,24,Thursday
84,2016-03-25,2016,Q1,1,3,March,25,Friday
85,2016-03-26,2016,Q1,1,3,March,26,Saturday
86,2016-03-27,2016,Q1,1,3,March,27,Sunday
87,2016-03-28,2016,Q1,1,3,March,28,Monday
88,2016-03-29,2016,Q1,1,3,March,29,Tuesday
89,2016-03-30,2016,Q1,1,3,March,30,Wednesday
90,2016-03-31,2016,Q1,1,3,March,31,Thursday
91,2016-04-01,2016,Q2,2,4,April,1,Friday
92,2016-04-02,2016,Q2,2,4,April,2,Saturday
93,2016-04-03,2016,Q2,2,4,April,3,Sunday
94,2016-04-04,2016,Q2,2,4,April,4,Monday
95,2016-04-05,2016,Q2,2,4,April,5,Tuesday
96,2016-04-06,2016,Q2,2,4,April,6,Wednesday
97,2016-04-07,2016,Q2,2,4,April,7,Thursday
98,2016-04-08,2016,Q2,2,4,April,8,Friday
99,2016-04-09,2016,Q2,2,4,April,9,Saturday
100,2016-04-10,2016,Q2,2,4,April,10,Sunday
101,2016-04-11,2016,Q2,2,4,April,11,Monday
102,2016-04-12,2016,Q2,2,4,April,12,Tuesday
103,2016-04-13,2016,Q2,2,4,April,13,Wednesday
104,2016-04-14,2016,Q2,2,4,April,14,Thursday
105,2016-04-15,2016,Q2,2,4,April,15,Friday
106,2016-04-16,2016,Q2,2,4,April,16,Saturday
107,2016-04-17,2016,Q2,2,4,April,17,Sunday
108,2016-04-18,2016,Q2,2,4,April,18,Monday
109,2016-04-19,2016,Q2,2,4,April,19,Tuesday
110,2016-04-20,2016,Q2,2,4,April,20,Wednesday
111,2016-04-21,2016,Q2,2,4,April,21,Thursday
112,2016-04-22,2016,Q2,2,4,April,22,Friday
113,2016-04-23,2016,Q2,2,4,April,23,Saturday
114,2016-04-24,2016,Q2,2,4,April,24,Sunday
115,2016-04-25,2016,Q2,2,4,April,25,Monday
116,2016-04-26,2016,Q2,2,4,April,26,Tuesday
117,2016-04-27,2016,Q2,2,4,April,27,Wednesday
118,2016-04-28,2016,Q2,2,4,April,28,Thursday
119,2016-04-29,2016,Q2,2,4,April,29,Friday
120,2016-04-30,2016,Q2,2,4,April,30,Saturday
121,2016-05-01,2016,Q2,2,5,May,1,Sunday
122,2016-05-02,2016,Q2,2,5,May,2,Monday
123,2016-05-03,2016,Q2,2,5,May,3,Tuesday
124,2016-05-04,2016,Q2,2,5,May,4,Wednesday
125,2016-05-05,2016,Q2,2,5,May,5,Thursday
126,2016-05-06,2016,Q2,2,5,May,6,Friday
127,2016-05-07,2016,Q2,2,5,May,7,Saturday
128,2016-05-08,2016,Q2,2,5,May,8,Sunday
129,2016-05-09,2016,Q2,2,5,May,9,Monday
130,2016-05-10,2016,Q2,2,5,May,10,Tuesday
131,2016-05-11,2016,Q2,2,5,May,11,Wednesday
132,2016-05-12,2016,Q2,2,5,May,12,Thursday
133,2016-05-13,2016,Q2,2,5,May,13,Friday
134,2016-05-14,2016,Q2,2,5,May,14,Saturday
135,2016-05-15,2016,Q2,2,5,May,15,Sunday
136,2016-05-16,2016,Q2,2,5,May,16,Monday
137,2016-05-17,2016,Q2,2,5,May,17,Tuesday
138,2016-05-18,2016,Q2,2,5,May,18,Wednesday
139,2016-05-19,2016,Q2,2,5,May,19,Thursday
140,2016-05-20,2016,Q2,2,5,May,20,Friday
141,2016-05-21,2016,Q2,2,5,May,21,Saturday
142,2016-05-22,2016,Q2,2,5,May,22,Sunday
143,2016-05-23,2016,Q2,2,5,May,23,Monday
144,2016-05-24,2016,Q2,2,5,May,24,Tuesday
145,2016-05-25,2016,Q2,2,5,May,25,Wednesday
146,2016-05-26,2016,Q2,2,5,May,26,Thursday
147,2016-05-27,2016,Q2,2,5,May,27,Friday
148,2016-05-28,2016,Q2,2,5,May,28,Saturday
149,2016-05-29,2016,Q2,2,5,May,29,Sunday
150,2016-05-30,2016,Q2,2,5,May,30,Monday
151,2016-05-31,2016,Q2,2,5,May,31,Tuesday
152,2016-06-01,2016,Q2,2,6,June,1,Wednesday
153,2016-06-02,2016,Q2,2,6,June,2,Thursday
154,2016-06-03,2016,Q2,2,6,June,3,Friday
155,2016-06-04,2016,Q2,2,6,June,4,Saturday
156,2016-06-05,2016,Q2,2,6,June,5,Sunday
157,2016-06-06,2016,Q2,2,6,June,6,Monday
158,2016-06-07,2016,Q2,2,6,June,7,Tuesday
159,2016-06-08,2016,Q2,2,6,June,8,Wednesday
160,2016-06-09,2016,Q2,2,6,June,9,Thursday
161,2016-06-10,2016,Q2,2,6,June,10,Friday
162,2016-06-11,2016,Q2,2,6,June,11,Saturday
163,2016-06-12,2016,Q2,2,6,June,12,Sunday
164,2016-06-13,2016,Q2,2,6,June,13,Monday
165,2016-06-14,2016,Q2,2,6,June,14,Tuesday
166,2016-06-15,2016,Q2,2,6,June,15,Wednesday
167,2016-06-16,2016,Q2,2,6,June,16,Thursday
168,2016-06-17,2016,Q2,2,6,June,17,Friday
169,2016-06-18,2016,Q2,2,6,June,18,Saturday
170,2016-06-19,2016,Q2,2,6,June,19,Sunday
171,2016-06-20,2016,Q2,2,6,June,20,Monday
172,2016-06-21,2016,Q2,2,6,June,21,Tuesday
173,2016-06-22,2016,Q2,2,6,June,22,Wednesday
174,2016-06-23,2016,Q2,2,6,June,23,Thursday
175,2016-06-24,2016,Q2,2,6,June,24,Friday
176,2016-06-25,2016,Q2,2,6,June,25,Saturday
177,2016-06-26,2016,Q2,2,6,June,26,Sunday
178,2016-06-27,2016,Q2,2,6,June,27,Monday
179,2016-06-28,2016,Q2,2,6,June,28,Tuesday
180,2016-06-29,2016,Q2,2,6,June,29,Wednesday
181,2016-06-30,2016,Q2,2,6,June,30,Thursday
182,2016-07-01,2016,Q3,3,7,July,1,Friday
183,2016-07-02,2016,Q3,3,7,July,2,Saturday
184,2016-07-03,2016,Q3,3,7,July,3,Sunday
185,2016-07-04,2016,Q3,3,7,July,4,Monday
186,2016-07-05,2016,Q3,3,7,July,5,Tuesday
187,2016-07-06,2016,Q3,3,7,July,6,Wednesday
188,2016-07-07,2016,Q3,3,7,July,7,Thursday
189,2016-07-08,2016,Q3,3,7,July,8,Friday
190,2016-07-09,2016,Q3,3,7,July,9,Saturday
191,2016-07-10,2016,Q3,3,7,July,10,Sunday
192,2016-07-11,2016,Q3,3,7,July,11,Monday
193,2016-07-12,2016,Q3,3,7,July,12,Tuesday
194,2016-07-13,2016,Q3,3,7,July,13,Wednesday
195,2016-07-14,2016,Q3,3,7,July,14,Thursday
196,2016-07-15,2016,Q3,3,7,July,15,Friday
197,2016-07-16,2016,Q3,3,7,July,16,Saturday
198,2016-07-17,2016,Q3,3,7,July,17,Sunday
199,2016-07-18,2016,Q3,3,7,July,18,Monday
200,2016-07-19,2016,Q3,3,7,July,19,Tuesday
201,2016-07-20,2016,Q3,3,7,July,20,Wednesday
202,2016-07-21,2016,Q3,3,7,July,21,Thursday
203,2016-07-22,2016,Q3,3,7,July,22,Friday
204,2016-07-23,2016,Q3,3,7,July,23,Saturday
205,2016-07-24,2016,Q3,3,7,July,24,Sunday
206,2016-07-25,2016,Q3,3,7,July,25,Monday
207,2016-07-26,2016,Q3,3,7,July,26,Tuesday
208,2016-07-27,2016,Q3,3,7,July,27,Wednesday
209,2016-07-28,2016,Q3,3,7,July,28,Thursday
210,2016-07-29,2016,Q3,3,7,July,29,Friday
211,2016-07-30,2016,Q3,3,7,July,30,Saturday
212,2016-07-31,2016,Q3,3,7,July,31,Sunday
213,2016-08-01,2016,Q3,3,8,August,1,Monday
214,2016-08-02,2016,Q3,3,8,August,2,Tuesday
215,2016-08-03,2016,Q3,3,8,August,3,Wednesday
216,2016-08-04,2016,Q3,3,8,August,4,Thursday
217,2016-08-05,2016,Q3,3,8,August,5,Friday
218,2016-08-06,2016,Q3,3,8,August,6,Saturday
219,2016-08-07,2016,Q3,3,8,August,7,Sunday
220,2016-08-08,2016,Q3,3,8,August,8,Monday
221,2016-08-09,2016,Q3,3,8,August,9,Tuesday
222,2016-08-10,2016,Q3,3,8,August,10,Wednesday
223,2016-08-11,2016,Q3,3,8,August,11,Thursday
224,2016-08-12,2016,Q3,3,8,August,12,Friday
225,2016-08-13,2016,Q3,3,8,August,13,Saturday
226,2016-08-14,2016,Q3,3,8,August,14,Sunday
227,2016-08-15,2016,Q3,3,8,August,15,Monday
228,2016-08-16,2016,Q3,3,8,August,16,Tuesday
229,2016-08-17,2016,Q3,3,8,August,17,Wednesday
230,2016-08-18,2016,Q3,3,8,August,18,Thursday
231,2016-08-19,2016,Q3,3,8,August,19,Friday
232,2016-08-20,2016,Q3,3,8,August,20,Saturday
233,2016-08-21,2016,Q3,3,8,August,21,Sunday
234,2016-08-22,2016,Q3,3,8,August,22,Monday
235,2016-08-23,2016,Q3,3,8,August,23,Tuesday
236,2016-08-24,2016,Q3,3,8,August,24,Wednesday
237,2016-08-25,2016,Q3,3,8,August,25,Thursday
238,2016-08-26,2016,Q3,3,8,August,26,Friday
239,2016-08-27,2016,Q3,3,8,August,27,Saturday
240,2016-08-28,2016,Q3,3,8,August,28,Sunday
241,2016-08-29,2016,Q3,3,8,August,29,Monday
242,2016-08-30,2016,Q3,3,8,August,30,Tuesday
243,2016-08-31,2016,Q3,3,8,August,31,Wednesday
244,2016-09-01,2016,Q3,3,9,September,1,Thursday
245,2016-09-02,2016,Q3,3,9,September,2,Friday
246,2016-09-03,2016,Q3,3,9,September,3,Saturday
247,2016-09-04,2016,Q3,3,9,September,4,Sunday
248,2016-09-05,2016,Q3,3,9,September,5,Monday
249,2016-09-06,2016,Q3,3,9,September,6,Tuesday
250,2016-09-07,2016,Q3,3,9,September,7,Wednesday
251,2016-09-08,2016,Q3,3,9,September,8,Thursday
252,2016-09-09,2016,Q3,3,9,September,9,Friday
253,2016-09-10,2016,Q3,3,9,September,10,Saturday
254,2016-09-11,2016,Q3,3,9,September,11,Sunday
255,2016-09-12,2016,Q3,3,9,September,12,Monday
256,2016-09-13,2016,Q3,3,9,September,13,Tuesday
257,2016-09-14,2016,Q3,3,9,September,14,Wednesday
258,2016-09-15,2016,Q3,3,9,September,15,Thursday
259,2016-09-16,2016,Q3,3,9,September,16,Friday
260,2016-09-17,2016,Q3,3,9,September,17,Saturday
261,2016-09-18,2016,Q3,3,9,September,18,Sunday
262,2016-09-19,2016,Q3,3,9,September,19,Monday
263,2016-09-20,2016,Q3,3,9,September,20,Tuesday
264,2016-09-21,2016,Q3,3,9,September,21,Wednesday
265,2016-09-22,2016,Q3,3,9,September,22,Thursday
266,2016-09-23,2016,Q3,3,9,September,23,Friday
267,2016-09-24,2016,Q3,3,9,September,24,Saturday
268,2016-09-25,2016,Q3,3,9,September,25,Sunday
269,2016-09-26,2016,Q3,3,9,September,26,Monday
270,2016-09-27,2016,Q3,3,9,September,27,Tuesday
271,2016-09-28,2016,Q3,3,9,September,28,Wednesday
272,2016-09-29,2016,Q3,3,9,September,29,Thursday
273,2016-09-30,2016,Q3,3,9,September,30,Friday
274,2016-10-01,2016,Q4,4,10,October,1,Saturday
275,2016-10-02,2016,Q4,4,10,October,2,Sunday
276,2016-10-03,2016,Q4,4,10,October,3,Monday
277,2016-10-04,2016,Q4,4,10,October,4,Tuesday
278,2016-10-05,2016,Q4,4,10,October,5,Wednesday
279,2016-10-06,2016,Q4,4,10,October,6,Thursday
280,2016-10-07,2016,Q4,4,10,October,7,Friday
281,2016-10-08,2016,Q4,4,10,October,8,Saturday
282,2016-10-09,2016,Q4,4,10,October,9,Sunday
283,2016-10-10,2016,Q4,4,10,October,10,Monday
284,2016-10-11,2016,Q4,4,10,October,11,Tuesday
285,2016-10-12,2016,Q4,4,10,October,12,Wednesday
286,2016-10-13,2016,Q4,4,10,October,13,Thursday
287,2016-10-14,2016,Q4,4,10,October,14,Friday
288,2016-10-15,2016,Q4,4,10,October,15,Saturday
289,2016-10-16,2016,Q4,4,10,October,16,Sunday
290,2016-10-17,2016,Q4,4,10,October,17,Monday
291,2016-10-18,2016,Q4,4,10,October,18,Tuesday
292,2016-10-19,2016,Q4,4,10,October,19,Wednesday
293,2016-10-20,2016,Q4,4,10,October,20,Thursday
294,2016-10-21,2016,Q4,4,10,October,21,Friday
295,2016-10-22,2016,Q4,4,10,October,22,Saturday
296,2016-10-23,2016,Q4,4,10,October,23,Sunday
297,2016-10-24,2016,Q4,4,10,October,24,Monday
298,2016-10-25,2016,Q4,4,10,October,25,Tuesday
299,2016-10-26,2016,Q4,4,10,October,26,Wednesday
300,2016-10-27,2016,Q4,4,10,October,27,Thursday
301,2016-10-28,2016,Q4,4,10,October,28,Friday
302,2016-10-29,2016,Q4,4,10,October,29,Saturday
303,2016-10-30,2016,Q4,4,10,October,30,Sunday
304,2016-10-31,2016,Q4,4,10,October,31,Monday
305,2016-11-01,2016,Q4,4,11,November,1,Tuesday
306,2016-11-02,2016,Q4,4,11,November,2,Wednesday
307,2016-11-03,2016,Q4,4,11,November,3,Thursday
308,2016-11-04,2016,Q4,4,11,November,4,Friday
309,2016-11-05,2016,Q4,4,11,November,5,Saturday
310,2016-11-06,2016,Q4,4,11,November,6,Sunday
311,2016-11-07,2016,Q4,4,11,November,7,Monday
312,2016-11-08,2016,Q4,4,11,November,8,Tuesday
313,2016-11-09,2016,Q4,4,11,November,9,Wednesday
314,2016-11-10,2016,Q4,4,11,November,10,Thursday
315,2016-11-11,2016,Q4,4,11,November,11,Friday
316,2016-11-12,2016,Q4,4,11,November,12,Saturday
317,2016-11-13,2016,Q4,4,11,November,13,Sunday
318,2016-11-14,2016,Q4,4,11,November,14,Monday
319,2016-11-15,2016,Q4,4,11,November,15,Tuesday
320,2016-11-16,2016,Q4,4,11,November,16,Wednesday
321,2016-11-17,2016,Q4,4,11,November,17,Thursday
322,2016-11-18,2016,Q4,4,11,November,18,Friday
323,2016-11-19,2016,Q4,4,11,November,19,Saturday
324,2016-11-20,2016,Q4,4,11,November,20,Sunday
325,2016-11-21,2016,Q4,4,11,November,21,Monday
326,2016-11-22,2016,Q4,4,11,November,22,Tuesday
327,2016-11-23,2016,Q4,4,11,November,23,Wednesday
328,2016-11-24,2016,Q4,4,11,November,24,Thursday
329,2016-11-25,2016,Q4,4,11,November,25,Friday
330,2016-11-26,2016,Q4,4,11,November,26,Saturday
331,2016-11-27,2016,Q4,4,11,November,27,Sunday
332,2016-11-28,2016,Q4,4,11,November,28,Monday
333,2016-11-29,2016,Q4,4,11,November,29,Tuesday
334,2016-11-30,2016,Q4,4,11,November,30,Wednesday
335,2016-12-01,2016,Q4,4,12,December,1,Thursday
336,2016-12-02,2016,Q4,4,12,December,2,Friday
337,2016-12-03,2016,Q4,4,12,December,3,Saturday
338,2016-12-04,2016,Q4,4,12,December,4,Sunday
339,2016-12-05,2016,Q4,4,12,December,5,Monday
340,2016-12-06,2016,Q4,4,12,December,6,Tuesday
341,2016-12-07,2016,Q4,4,12,December,7,Wednesday
342,2016-12-08,2016,Q4,4,12,December,8,Thursday
343,2016-12-09,2016,Q4,4,12,December,9,Friday
344,2016-12-10,2016,Q4,4,12,December,10,Saturday
345,2016-12-11,2016,Q4,4,12,December,11,Sunday
346,2016-12-12,2016,Q4,4,12,December,12,Monday
347,2016-12-13,2016,Q4,4,12,December,13,Tuesday
348,2016-12-14,2016,Q4,4,12,December,14,Wednesday
349,2016-12-15,2016,Q4,4,12,December,15,Thursday
350,2016-12-16,2016,Q4,4,12,December,16,Friday
351,2016-12-17,2016,Q4,4,12,December,17,Saturday
352,2016-12-18,2016,Q4,4,12,December,18,Sunday
353,2016-12-19,2016,Q4,4,12,December,19,Monday
354,2016-12-20,2016,Q4,4,12,December,20,Tuesday
355,2016-12-21,2016,Q4,4,12,December,21,Wednesday
356,2016-12-22,2016,Q4,4,12,December,22,Thursday
357,2016-12-23,2016,Q4,4,12,December,23,Friday
358,2016-12-24,2016,Q4,4,12,December,24,Saturday
359,2016-12-25,2016,Q4,4,12,December,25,Sunday
360,2016-12-26,2016,Q4,4,12,December,26,Monday
361,2016-12-27,2016,Q4,4,12,December,27,Tuesday
362,2016-12-28,2016,Q4,4,12,December,28,Wednesday
363,2016-12-29,2016,Q4,4,12,December,29,Thursday
364,2016-12-30,2016,Q4,4,12,December,30,Friday
365,2016-12-31,2016,Q4,4,12,December,31,Saturday
366,2017-01-01,2017,Q1,1,1,January,1,Sunday
367,2017-01-02,2017,Q1,1,1,January,2,Monday
368,2017-01-03,2017,Q1,1,1,January,3,Tuesday
369,2017-01-04,2017,Q1,1,1,January,4,Wednesday
370,2017-01-05,2017,Q1,1,1,January,5,Thursday
371,2017-01-06,2017,Q1,1,1,January,6,Friday
372,2017-01-07,2017,Q1,1,1,January,7,Saturday
373,2017-01-08,2017,Q1,1,1,January,8,Sunday
374,2017-01-09,2017,Q1,1,1,January,9,Monday
375,2017-01-10,2017,Q1,1,1,January,10,Tuesday
376,2017-01-11,2017,Q1,1,1,January,11,Wednesday
377,2017-01-12,2017,Q1,1,1,January,12,Thursday
378,2017-01-13,2017,Q1,1,1,January,13,Friday
379,2017-01-14,2017,Q1,1,1,January,14,Saturday
380,2017-01-15,2017,Q1,1,1,January,15,Sunday
381,2017-01-16,2017,Q1,1,1,January,16,Monday
382,2017-01-17,2017,Q1,1,1,January,17,Tuesday
383,2017-01-18,2017,Q1,1,1,January,18,Wednesday
384,2017-01-19,2017,Q1,1,1,January,19,Thursday
385,2017-01-20,2017,Q1,1,1,January,20,Friday
386,2017-01-21,2017,Q1,1,1,January,21,Saturday
387,2017-01-22,2017,Q1,1,1,January,22,Sunday
388,2017-01-23,2017,Q1,1,1,January,23,Monday
389,2017-01-24,2017,Q1,1,1,January,24,Tuesday
390,2017-01-25,2017,Q1,1,1,January,25,Wednesday
391,2017-01-26,2017,Q1,1,1,January,26,Thursday
392,2017-01-27,2017,Q1,1,1,January,27,Friday
393,2017-01-28,2017,Q1,1,1,January,28,Saturday
394,2017-01-29,2017,Q1,1,1,January,29,Sunday
395,2017-01-30,2017,Q1,1,1,January,30,Monday
396,2017-01-31,2017,Q1,1,1,January,31,Tuesday
397,2017-02-01,2017,Q1,1,2,February,1,Wednesday
398,2017-02-02,2017,Q1,1,2,February,2,Thursday
399,2017-02-03,2017,Q1,1,2,February,3,Friday
400,2017-02-04,2017,Q1,1,2,February,4,Saturday
401,2017-02-05,2017,Q1,1,2,February,5,Sunday
402,2017-02-06,2017,Q1,1,2,February,6,Monday
403,2017-02-07,2017,Q1,1,2,February,7,Tuesday
404,2017-02-08,2017,Q1,1,2,February,8,Wednesday
405,2017-02-09,2017,Q1,1,2,February,9,Thursday
406,2017-02-10,2017,Q1,1,2,February,10,Friday
407,2017-02-11,2017,Q1,1,2,February,11,Saturday
408,2017-02-12,2017,Q1,1,2,February,12,Sunday
409,2017-02-13,2017,Q1,1,2,February,13,Monday
410,2017-02-14,2017,Q1,1,2,February,14,Tuesday
411,2017-02-15,2017,Q1,1,2,February,15,Wednesday
412,2017-02-16,2017,Q1,1,2,February,16,Thursday
413,2017-02-17,2017,Q1,1,2,February,17,Friday
414,2017-02-18,2017,Q1,1,2,February,18,Saturday
415,2017-02-19,2017,Q1,1,2,February,19,Sunday
416,2017-02-20,2017,Q1,1,2,February,20,Monday
417,2017-02-21,2017,Q1,1,2,February,21,Tuesday
418,2017-02-22,2017,Q1,1,2,February,22,Wednesday
419,2017-02-23,2017,Q1,1,2,February,23,Thursday
420,2017-02-24,2017,Q1,1,2,February,24,Friday
421,2017-02-25,2017,Q1,1,2,February,25,Saturday
422,2017-02-26,2017,Q1,1,2,February,26,Sunday
423,2017-02-27,2017,Q1,1,2,February,27,Monday
424,2017-02-28,2017,Q1,1,2,February,28,Tuesday
425,2017-03-01,2017,Q1,1,3,March,1,Wednesday
426,2017-03-02,2017,Q1,1,3,March,2,Thursday
427,2017-03-03,2017,Q1,1,3,March,3,Friday
428,2017-03-04,2017,Q1,1,3,March,4,Saturday
429,2017-03-05,2017,Q1,1,3,March,5,Sunday
430,2017-03-06,2017,Q1,1,3,March,6,Monday
431,2017-03-07,2017,Q1,1,3,March,7,Tuesday
432,2017-03-08,2017,Q1,1,3,March,8,Wednesday
433,2017-03-09,2017,Q1,1,3,March,9,Thursday
434,2017-03-10,2017,Q1,1,3,March,10,Friday
435,2017-03-11,2017,Q1,1,3,March,11,Saturday
436,2017-03-12,2017,Q1,1,3,March,12,Sunday
437,2017-03-13,2017,Q1,1,3,March,13,Monday
438,2017-03-14,2017,Q1,1,3,March,14,Tuesday
439,2017-03-15,2017,Q1,1,3,March,15,Wednesday
440,2017-03-16,2017,Q1,1,3,March,16,Thursday
441,2017-03-17,2017,Q1,1,3,March,17,Friday
442,2017-03-18,2017,Q1,1,3,March,18,Saturday
443,2017-03-19,2017,Q1,1,3,March,19,Sunday
444,2017-03-20,2017,Q1,1,3,March,20,Monday
445,2017-03-21,2017,Q1,1,3,March,21,Tuesday
446,2017-03-22,2017,Q1,1,3,March,22,Wednesday
447,2017-03-23,2017,Q1,1,3,March,23,Thursday
448,2017-03-24,2017,Q1,1,3,March,24,Friday
449,2017-03-25,2017,Q1,1,3,March,25,Saturday
450,2017-03-26,2017,Q1,1,3,March,26,Sunday
451,2017-03-27,2017,Q1,1,3,March,27,Monday
452,2017-03-28,2017,Q1,1,3,March,28,Tuesday
453,2017-03-29,2017,Q1,1,3,March,29,Wednesday
454,2017-03-30,2017,Q1,1,3,March,30,Thursday
455,2017-03-31,2017,Q1,1,3,March,31,Friday
456,2017-04-01,2017,Q2,2,4,April,1,Saturday
457,2017-04-02,2017,Q2,2,4,April,2,Sunday
458,2017-04-03,2017,Q2,2,4,April,3,Monday
459,2017-04-04,2017,Q2,2,4,April,4,Tuesday
460,2017-04-05,2017,Q2,2,4,April,5,Wednesday
461,2017-04-06,2017,Q2,2,4,April,6,Thursday
462,2017-04-07,2017,Q2,2,4,April,7,Friday
463,2017-04-08,2017,Q2,2,4,April,8,Saturday
464,2017-04-09,2017,Q2,2,4,April,9,Sunday
465,2017-04-10,2017,Q2,2,4,April,10,Monday
466,2017-04-11,2017,Q2,2,4,April,11,Tuesday
467,2017-04-12,2017,Q2,2,4,April,12,Wednesday
468,2017-04-13,2017,Q2,2,4,April,13,Thursday
469,2017-04-14,2017,Q2,2,4,April,14,Friday
470,2017-04-15,2017,Q2,2,4,April,15,Saturday
471,2017-04-16,2017,Q2,2,4,April,16,Sunday
472,2017-04-17,2017,Q2,2,4,April,17,Monday
473,2017-04-18,2017,Q2,2,4,April,18,Tuesday
474,2017-04-19,2017,Q2,2,4,April,19,Wednesday
475,2017-04-20,2017,Q2,2,4,April,20,Thursday
476,2017-04-21,2017,Q2,2,4,April,21,Friday
477,2017-04-22,2017,Q2,2,4,April,22,Saturday
478,2017-04-23,2017,Q2,2,4,April,23,Sunday
479,2017-04-24,2017,Q2,2,4,April,24,Monday
480,2017-04-25,2017,Q2,2,4,April,25,Tuesday
481,2017-04-26,2017,Q2,2,4,April,26,Wednesday
482,2017-04-27,2017,Q2,2,4,April,27,Thursday
483,2017-04-28,2017,Q2,2,4,April,28,Friday
484,2017-04-29,2017,Q2,2,4,April,29,Saturday
485,2017-04-30,2017,Q2,2,4,April,30,Sunday
486,2017-05-01,2017,Q2,2,5,May,1,Monday
487,2017-05-02,2017,Q2,2,5,May,2,Tuesday
488,2017-05-03,2017,Q2,2,5,May,3,Wednesday
489,2017-05-04,2017,Q2,2,5,May,4,Thursday
490,2017-05-05,2017,Q2,2,5,May,5,Friday
491,2017-05-06,2017,Q2,2,5,May,6,Saturday
492,2017-05-07,2017,Q2,2,5,May,7,Sunday
493,2017-05-08,2017,Q2,2,5,May,8,Monday
494,2017-05-09,2017,Q2,2,5,May,9,Tuesday
495,2017-05-10,2017,Q2,2,5,May,10,Wednesday
496,2017-05-11,2017,Q2,2,5,May,11,Thursday
497,2017-05-12,2017,Q2,2,5,May,12,Friday
498,2017-05-13,2017,Q2,2,5,May,13,Saturday
499,2017-05-14,2017,Q2,2,5,May,14,Sunday
500,2017-05-15,2017,Q2,2,5,May,15,Monday
501,2017-05-16,2017,Q2,2,5,May,16,Tuesday
502,2017-05-17,2017,Q2,2,5,May,17,Wednesday
503,2017-05-18,2017,Q2,2,5,May,18,Thursday
504,2017-05-19,2017,Q2,2,5,May,19,Friday
505,2017-05-20,2017,Q2,2,5,May,20,Saturday
506,2017-05-21,2017,Q2,2,5,May,21,Sunday
507,2017-05-22,2017,Q2,2,5,May,22,Monday
508,2017-05-23,2017,Q2,2,5,May,23,Tuesday
509,2017-05-24,2017,Q2,2,5,May,24,Wednesday
510,2017-05-25,2017,Q2,2,5,May,25,Thursday
511,2017-05-26,2017,Q2,2,5,May,26,Friday
512,2017-05-27,2017,Q2,2,5,May,27,Saturday
513,2017-05-28,2017,Q2,2,5,May,28,Sunday
514,2017-05-29,2017,Q2,2,5,May,29,Monday
515,2017-05-30,2017,Q2,2,5,May,30,Tuesday
516,2017-05-31,2017,Q2,2,5,May,31,Wednesday
517,2017-06-01,2017,Q2,2,6,June,1,Thursday
518,2017-06-02,2017,Q2,2,6,June,2,Friday
519,2017-06-03,2017,Q2,2,6,June,3,Saturday
520,2017-06-04,2017,Q2,2,6,June,4,Sunday
521,2017-06-05,2017,Q2,2,6,June,5,Monday
522,2017-06-06,2017,Q2,2,6,June,6,Tuesday
523,2017-06-07,2017,Q2,2,6,June,7,Wednesday
524,2017-06-08,2017,Q2,2,6,June,8,Thursday
525,2017-06-09,2017,Q2,2,6,June,9,Friday
526,2017-06-10,2017,Q2,2,6,June,10,Saturday
527,2017-06-11,2017,Q2,2,6,June,11,Sunday
528,2017-06-12,2017,Q2,2,6,June,12,Monday
529,2017-06-13,2017,Q2,2,6,June,13,Tuesday
530,2017-06-14,2017,Q2,2,6,June,14,Wednesday
531,2017-06-15,2017,Q2,2,6,June,15,Thursday
532,2017-06-16,2017,Q2,2,6,June,16,Friday
533,2017-06-17,2017,Q2,2,6,June,17,Saturday
534,2017-06-18,2017,Q2,2,6,June,18,Sunday
535,2017-06-19,2017,Q2,2,6,June,19,Monday
536,2017-06-20,2017,Q2,2,6,June,20,Tuesday
537,2017-06-21,2017,Q2,2,6,June,21,Wednesday
538,2017-06-22,2017,Q2,2,6,June,22,Thursday
539,2017-06-23,2017,Q2,2,6,June,23,Friday
540,2017-06-24,2017,Q2,2,6,June,24,Saturday
541,2017-06-25,2017,Q2,2,6,June,25,Sunday
542,2017-06-26,2017,Q2,2,6,June,26,Monday
543,2017-06-27,2017,Q2,2,6,June,27,Tuesday
544,2017-06-28,2017,Q2,2,6,June,28,Wednesday
545,2017-06-29,2017,Q2,2,6,June,29,Thursday
546,2017-06-30,2017,Q2,2,6,June,30,Friday
547,2017-07-01,2017,Q3,3,7,July,1,Saturday
548,2017-07-02,2017,Q3,3,7,July,2,Sunday
549,2017-07-03,2017,Q3,3,7,July,3,Monday
550,2017-07-04,2017,Q3,3,7,July,4,Tuesday
551,2017-07-05,2017,Q3,3,7,July,5,Wednesday
552,2017-07-06,2017,Q3,3,7,July,6,Thursday
553,2017-07-07,2017,Q3,3,7,July,7,Friday
554,2017-07-08,2017,Q3,3,7,July,8,Saturday
555,2017-07-09,2017,Q3,3,7,July,9,Sunday
556,2017-07-10,2017,Q3,3,7,July,10,Monday
557,2017-07-11,2017,Q3,3,7,July,11,Tuesday
558,2017-07-12,2017,Q3,3,7,July,12,Wednesday
559,2017-07-13,2017,Q3,3,7,July,13,Thursday
560,2017-07-14,2017,Q3,3,7,July,14,Friday
561,2017-07-15,2017,Q3,3,7,July,15,Saturday
562,2017-07-16,2017,Q3,3,7,July,16,Sunday
563,2017-07-17,2017,Q3,3,7,July,17,Monday
564,2017-07-18,2017,Q3,3,7,July,18,Tuesday
565,2017-07-19,2017,Q3,3,7,July,19,Wednesday
566,2017-07-20,2017,Q3,3,7,July,20,Thursday
567,2017-07-21,2017,Q3,3,7,July,21,Friday
568,2017-07-22,2017,Q3,3,7,July,22,Saturday
569,2017-07-23,2017,Q3,3,7,July,23,Sunday
570,2017-07-24,2017,Q3,3,7,July,24,Monday
571,2017-07-25,2017,Q3,3,7,July,25,Tuesday
572,2017-07-26,2017,Q3,3,7,July,26,Wednesday
573,2017-07-27,2017,Q3,3,7,July,27,Thursday
574,2017-07-28,2017,Q3,3,7,July,28,Friday
575,2017-07-29,2017,Q3,3,7,July,29,Saturday
576,2017-07-30,2017,Q3,3,7,July,30,Sunday
577,2017-07-31,2017,Q3,3,7,July,31,Monday
578,2017-08-01,2017,Q3,3,8,August,1,Tuesday
579,2017-08-02,2017,Q3,3,8,August,2,Wednesday
580,2017-08-03,2017,Q3,3,8,August,3,Thursday
581,2017-08-04,2017,Q3,3,8,August,4,Friday
582,2017-08-05,2017,Q3,3,8,August,5,Saturday
583,2017-08-06,2017,Q3,3,8,August,6,Sunday
584,2017-08-07,2017,Q3,3,8,August,7,Monday
585,2017-08-08,2017,Q3,3,8,August,8,Tuesday
586,2017-08-09,2017,Q3,3,8,August,9,Wednesday
587,2017-08-10,2017,Q3,3,8,August,10,Thursday
588,2017-08-11,2017,Q3,3,8,August,11,Friday
589,2017-08-12,2017,Q3,3,8,August,12,Saturday
590,2017-08-13,2017,Q3,3,8,August,13,Sunday
591,2017-08-14,2017,Q3,3,8,August,14,Monday
592,2017-08-15,2017,Q3,3,8,August,15,Tuesday
593,2017-08-16,2017,Q3,3,8,August,16,Wednesday
594,2017-08-17,2017,Q3,3,8,August,17,Thursday
595,2017-08-18,2017,Q3,3,8,August,18,Friday
596,2017-08-19,2017,Q3,3,8,August,19,Saturday
597,2017-08-20,2017,Q3,3,8,August,20,Sunday
598,2017-08-21,2017,Q3,3,8,August,21,Monday
599,2017-08-22,2017,Q3,3,8,August,22,Tuesday
600,2017-08-23,2017,Q3,3,8,August,23,Wednesday
601,2017-08-24,2017,Q3,3,8,August,24,Thursday
602,2017-08-25,2017,Q3,3,8,August,25,Friday
603,2017-08-26,2017,Q3,3,8,August,26,Saturday
604,2017-08-27,2017,Q3,3,8,August,27,Sunday
605,2017-08-28,2017,Q3,3,8,August,28,Monday
606,2017-08-29,2017,Q3,3,8,August,29,Tuesday
607,2017-08-30,2017,Q3,3,8,August,30,Wednesday
608,2017-08-31,2017,Q3,3,8,August,31,Thursday
609,2017-09-01,2017,Q3,3,9,September,1,Friday
610,2017-09-02,2017,Q3,3,9,September,2,Saturday
611,2017-09-03,2017,Q3,3,9,September,3,Sunday
612,2017-09-04,2017,Q3,3,9,September,4,Monday
613,2017-09-05,2017,Q3,3,9,September,5,Tuesday
614,2017-09-06,2017,Q3,3,9,September,6,Wednesday
615,2017-09-07,2017,Q3,3,9,September,7,Thursday
616,2017-09-08,2017,Q3,3,9,September,8,Friday
617,2017-09-09,2017,Q3,3,9,September,9,Saturday
618,2017-09-10,2017,Q3,3,9,September,10,Sunday
619,2017-09-11,2017,Q3,3,9,September,11,Monday
620,2017-09-12,2017,Q3,3,9,September,12,Tuesday
621,2017-09-13,2017,Q3,3,9,September,13,Wednesday
622,2017-09-14,2017,Q3,3,9,September,14,Thursday
623,2017-09-15,2017,Q3,3,9,September,15,Friday
624,2017-09-16,2017,Q3,3,9,September,16,Saturday
625,2017-09-17,2017,Q3,3,9,September,17,Sunday
626,2017-09-18,2017,Q3,3,9,September,18,Monday
627,2017-09-19,2017,Q3,3,9,September,19,Tuesday
628,2017-09-20,2017,Q3,3,9,September,20,Wednesday
629,2017-09-21,2017,Q3,3,9,September,21,Thursday
630,2017-09-22,2017,Q3,3,9,September,22,Friday
631,2017-09-23,2017,Q3,3,9,September,23,Saturday
632,2017-09-24,2017,Q3,3,9,September,24,Sunday
633,2017-09-25,2017,Q3,3,9,September,25,Monday
634,2017-09-26,2017,Q3,3,9,September,26,Tuesday
635,2017-09-27,2017,Q3,3,9,September,27,Wednesday
636,2017-09-28,2017,Q3,3,9,September,28,Thursday
637,2017-09-29,2017,Q3,3,9,September,29,Friday
638,2017-09-30,2017,Q3,3,9,September,30,Saturday
639,2017-10-01,2017,Q4,4,10,October,1,Sunday
640,2017-10-02,2017,Q4,4,10,October,2,Monday
641,2017-10-03,2017,Q4,4,10,October,3,Tuesday
642,2017-10-04,2017,Q4,4,10,October,4,Wednesday
643,2017-10-05,2017,Q4,4,10,October,5,Thursday
644,2017-10-06,2017,Q4,4,10,October,6,Friday
645,2017-10-07,2017,Q4,4,10,October,7,Saturday
646,2017-10-08,2017,Q4,4,10,October,8,Sunday
647,2017-10-09,2017,Q4,4,10,October,9,Monday
648,2017-10-10,2017,Q4,4,10,October,10,Tuesday
649,2017-10-11,2017,Q4,4,10,October,11,Wednesday
650,2017-10-12,2017,Q4,4,10,October,12,Thursday
651,2017-10-13,2017,Q4,4,10,October,13,Friday
652,2017-10-14,2017,Q4,4,10,October,14,Saturday
653,2017-10-15,2017,Q4,4,10,October,15,Sunday
654,2017-10-16,2017,Q4,4,10,October,16,Monday
655,2017-10-17,2017,Q4,4,10,October,17,Tuesday
656,2017-10-18,2017,Q4,4,10,October,18,Wednesday
657,2017-10-19,2017,Q4,4,10,October,19,Thursday
658,2017-10-20,2017,Q4,4,10,October,20,Friday
659,2017-10-21,2017,Q4,4,10,October,21,Saturday
660,2017-10-22,2017,Q4,4,10,October,22,Sunday
661,2017-10-23,2017,Q4,4,10,October,23,Monday
662,2017-10-24,2017,Q4,4,10,October,24,Tuesday
663,2017-10-25,2017,Q4,4,10,October,25,Wednesday
664,2017-10-26,2017,Q4,4,10,October,26,Thursday
665,2017-10-27,2017,Q4,4,10,October,27,Friday
666,2017-10-28,2017,Q4,4,10,October,28,Saturday
667,2017-10-29,2017,Q4,4,10,October,29,Sunday
668,2017-10-30,2017,Q4,4,10,October,30,Monday
669,2017-10-31,2017,Q4,4,10,October,31,Tuesday
670,2017-11-01,2017,Q4,4,11,November,1,Wednesday
671,2017-11-02,2017,Q4,4,11,November,2,Thursday
672,2017-11-03,2017,Q4,4,11,November,3,Friday
673,2017-11-04,2017,Q4,4,11,November,4,Saturday
674,2017-11-05,2017,Q4,4,11,November,5,Sunday
675,2017-11-06,2017,Q4,4,11,November,6,Monday
676,2017-11-07,2017,Q4,4,11,November,7,Tuesday
677,2017-11-08,2017,Q4,4,11,November,8,Wednesday
678,2017-11-09,2017,Q4,4,11,November,9,Thursday
679,2017-11-10,2017,Q4,4,11,November,10,Friday
680,2017-11-11,2017,Q4,4,11,November,11,Saturday
681,2017-11-12,2017,Q4,4,11,November,12,Sunday
682,2017-11-13,2017,Q4,4,11,November,13,Monday
683,2017-11-14,2017,Q4,4,11,November,14,Tuesday
684,2017-11-15,2017,Q4,4,11,November,15,Wednesday
685,2017-11-16,2017,Q4,4,11,November,16,Thursday
686,2017-11-17,2017,Q4,4,11,November,17,Friday
687,2017-11-18,2017,Q4,4,11,November,18,Saturday
688,2017-11-19,2017,Q4,4,11,November,19,Sunday
689,2017-11-20,2017,Q4,4,11,November,20,Monday
690,2017-11-21,2017,Q4,4,11,November,21,Tuesday
691,2017-11-22,2017,Q4,4,11,November,22,Wednesday
692,2017-11-23,2017,Q4,4,11,November,23,Thursday
693,2017-11-24,2017,Q4,4,11,November,24,Friday
694,2017-11-25,2017,Q4,4,11,November,25,Saturday
695,2017-11-26,2017,Q4,4,11,November,26,Sunday
696,2017-11-27,2017,Q4,4,11,November,27,Monday
697,2017-11-28,2017,Q4,4,11,November,28,Tuesday
698,2017-11-29,2017,Q4,4,11,November,29,Wednesday
699,2017-11-30,2017,Q4,4,11,November,30,Thursday
700,2017-12-01,2017,Q4,4,12,December,1,Friday
701,2017-12-02,2017,Q4,4,12,December,2,Saturday
702,2017-12-03,2017,Q4,4,12,December,3,Sunday
703,2017-12-04,2017,Q4,4,12,December,4,Monday
704,2017-12-05,2017,Q4,4,12,December,5,Tuesday
705,2017-12-06,2017,Q4,4,12,December,6,Wednesday
706,2017-12-07,2017,Q4,4,12,December,7,Thursday
707,2017-12-08,2017,Q4,4,12,December,8,Friday
708,2017-12-09,2017,Q4,4,12,December,9,Saturday
709,2017-12-10,2017,Q4,4,12,December,10,Sunday
710,2017-12-11,2017,Q4,4,12,December,11,Monday
711,2017-12-12,2017,Q4,4,12,December,12,Tuesday
712,2017-12-13,2017,Q4,4,12,December,13,Wednesday
713,2017-12-14,2017,Q4,4,12,December,14,Thursday
714,2017-12-15,2017,Q4,4,12,December,15,Friday
715,2017-12-16,2017,Q4,4,12,December,16,Saturday
716,2017-12-17,2017,Q4,4,12,December,17,Sunday
717,2017-12-18,2017,Q4,4,12,December,18,Monday
718,2017-12-19,2017,Q4,4,12,December,19,Tuesday
719,2017-12-20,2017,Q4,4,12,December,20,Wednesday
720,2017-12-21,2017,Q4,4,12,December,21,Thursday
721,2017-12-22,2017,Q4,4,12,December,22,Friday
722,2017-12-23,2017,Q4,4,12,December,23,Saturday
723,2017-12-24,2017,Q4,4,12,December,24,Sunday
724,2017-12-25,2017,Q4,4,12,December,25,Monday
725,2017-12-26,2017,Q4,4,12,December,26,Tuesday
726,2017-12-27,2017,Q4,4,12,December,27,Wednesday
727,2017-12-28,2017,Q4,4,12,December,28,Thursday
728,2017-12-29,2017,Q4,4,12,December,29,Friday
729,2017-12-30,2017,Q4,4,12,December,30,Saturday
730,2017-12-31,2017,Q4,4,12,December,31,Sunday
731,2018-01-01,2018,Q1,1,1,January,1,Monday
732,2018-01-02,2018,Q1,1,1,January,2,Tuesday
733,2018-01-03,2018,Q1,1,1,January,3,Wednesday
734,2018-01-04,2018,Q1,1,1,January,4,Thursday
735,2018-01-05,2018,Q1,1,1,January,5,Friday
736,2018-01-06,2018,Q1,1,1,January,6,Saturday
737,2018-01-07,2018,Q1,1,1,January,7,Sunday
738,2018-01-08,2018,Q1,1,1,January,8,Monday
739,2018-01-09,2018,Q1,1,1,January,9,Tuesday
740,2018-01-10,2018,Q1,1,1,January,10,Wednesday
741,2018-01-11,2018,Q1,1,1,January,11,Thursday
742,2018-01-12,2018,Q1,1,1,January,12,Friday
743,2018-01-13,2018,Q1,1,1,January,13,Saturday
744,2018-01-14,2018,Q1,1,1,January,14,Sunday
745,2018-01-15,2018,Q1,1,1,January,15,Monday
746,2018-01-16,2018,Q1,1,1,January,16,Tuesday
747,2018-01-17,2018,Q1,1,1,January,17,Wednesday
748,2018-01-18,2018,Q1,1,1,January,18,Thursday
749,2018-01-19,2018,Q1,1,1,January,19,Friday
750,2018-01-20,2018,Q1,1,1,January,20,Saturday
751,2018-01-21,2018,Q1,1,1,January,21,Sunday
752,2018-01-22,2018,Q1,1,1,January,22,Monday
753,2018-01-23,2018,Q1,1,1,January,23,Tuesday
754,2018-01-24,2018,Q1,1,1,January,24,Wednesday
755,2018-01-25,2018,Q1,1,1,January,25,Thursday
756,2018-01-26,2018,Q1,1,1,January,26,Friday
757,2018-01-27,2018,Q1,1,1,January,27,Saturday
758,2018-01-28,2018,Q1,1,1,January,28,Sunday
759,2018-01-29,2018,Q1,1,1,January,29,Monday
760,2018-01-30,2018,Q1,1,1,January,30,Tuesday
761,2018-01-31,2018,Q1,1,1,January,31,Wednesday
762,2018-02-01,2018,Q1,1,2,February,1,Thursday
763,2018-02-02,2018,Q1,1,2,February,2,Friday
764,2018-02-03,2018,Q1,1,2,February,3,Saturday
765,2018-02-04,2018,Q1,1,2,February,4,Sunday
766,2018-02-05,2018,Q1,1,2,February,5,Monday
767,2018-02-06,2018,Q1,1,2,February,6,Tuesday
768,2018-02-07,2018,Q1,1,2,February,7,Wednesday
769,2018-02-08,2018,Q1,1,2,February,8,Thursday
770,2018-02-09,2018,Q1,1,2,February,9,Friday
771,2018-02-10,2018,Q1,1,2,February,10,Saturday
772,2018-02-11,2018,Q1,1,2,February,11,Sunday
773,2018-02-12,2018,Q1,1,2,February,12,Monday
774,2018-02-13,2018,Q1,1,2,February,13,Tuesday
775,2018-02-14,2018,Q1,1,2,February,14,Wednesday
776,2018-02-15,2018,Q1,1,2,February,15,Thursday
777,2018-02-16,2018,Q1,1,2,February,16,Friday
778,2018-02-17,2018,Q1,1,2,February,17,Saturday
779,2018-02-18,2018,Q1,1,2,February,18,Sunday
780,2018-02-19,2018,Q1,1,2,February,19,Monday
781,2018-02-20,2018,Q1,1,2,February,20,Tuesday
782,2018-02-21,2018,Q1,1,2,February,21,Wednesday
783,2018-02-22,2018,Q1,1,2,February,22,Thursday
784,2018-02-23,2018,Q1,1,2,February,23,Friday
785,2018-02-24,2018,Q1,1,2,February,24,Saturday
786,2018-02-25,2018,Q1,1,2,February,25,Sunday
787,2018-02-26,2018,Q1,1,2,February,26,Monday
788,2018-02-27,2018,Q1,1,2,February,27,Tuesday
789,2018-02-28,2018,Q1,1,2,February,28,Wednesday
790,2018-03-01,2018,Q1,1,3,March,1,Thursday
791,2018-03-02,2018,Q1,1,3,March,2,Friday
792,2018-03-03,2018,Q1,1,3,March,3,Saturday
793,2018-03-04,2018,Q1,1,3,March,4,Sunday
794,2018-03-05,2018,Q1,1,3,March,5,Monday
795,2018-03-06,2018,Q1,1,3,March,6,Tuesday
796,2018-03-07,2018,Q1,1,3,March,7,Wednesday
797,2018-03-08,2018,Q1,1,3,March,8,Thursday
798,2018-03-09,2018,Q1,1,3,March,9,Friday
799,2018-03-10,2018,Q1,1,3,March,10,Saturday
800,2018-03-11,2018,Q1,1,3,March,11,Sunday
801,2018-03-12,2018,Q1,1,3,March,12,Monday
802,2018-03-13,2018,Q1,1,3,March,13,Tuesday
803,2018-03-14,2018,Q1,1,3,March,14,Wednesday
804,2018-03-15,2018,Q1,1,3,March,15,Thursday
805,2018-03-16,2018,Q1,1,3,March,16,Friday
806,2018-03-17,2018,Q1,1,3,March,17,Saturday
807,2018-03-18,2018,Q1,1,3,March,18,Sunday
808,2018-03-19,2018,Q1,1,3,March,19,Monday
809,2018-03-20,2018,Q1,1,3,March,20,Tuesday
810,2018-03-21,2018,Q1,1,3,March,21,Wednesday
811,2018-03-22,2018,Q1,1,3,March,22,Thursday
812,2018-03-23,2018,Q1,1,3,March,23,Friday
813,2018-03-24,2018,Q1,1,3,March,24,Saturday
814,2018-03-25,2018,Q1,1,3,March,25,Sunday
815,2018-03-26,2018,Q1,1,3,March,26,Monday
816,2018-03-27,2018,Q1,1,3,March,27,Tuesday
817,2018-03-28,2018,Q1,1,3,March,28,Wednesday
818,2018-03-29,2018,Q1,1,3,March,29,Thursday
819,2018-03-30,2018,Q1,1,3,March,30,Friday
820,2018-03-31,2018,Q1,1,3,March,31,Saturday
821,2018-04-01,2018,Q2,2,4,April,1,Sunday
822,2018-04-02,2018,Q2,2,4,April,2,Monday
823,2018-04-03,2018,Q2,2,4,April,3,Tuesday
824,2018-04-04,2018,Q2,2,4,April,4,Wednesday
825,2018-04-05,2018,Q2,2,4,April,5,Thursday
826,2018-04-06,2018,Q2,2,4,April,6,Friday
827,2018-04-07,2018,Q2,2,4,April,7,Saturday
828,2018-04-08,2018,Q2,2,4,April,8,Sunday
829,2018-04-09,2018,Q2,2,4,April,9,Monday
830,2018-04-10,2018,Q2,2,4,April,10,Tuesday
831,2018-04-11,2018,Q2,2,4,April,11,Wednesday
832,2018-04-12,2018,Q2,2,4,April,12,Thursday
833,2018-04-13,2018,Q2,2,4,April,13,Friday
834,2018-04-14,2018,Q2,2,4,April,14,Saturday
835,2018-04-15,2018,Q2,2,4,April,15,Sunday
836,2018-04-16,2018,Q2,2,4,April,16,Monday
837,2018-04-17,2018,Q2,2,4,April,17,Tuesday
838,2018-04-18,2018,Q2,2,4,April,18,Wednesday
839,2018-04-19,2018,Q2,2,4,April,19,Thursday
840,2018-04-20,2018,Q2,2,4,April,20,Friday
841,2018-04-21,2018,Q2,2,4,April,21,Saturday
842,2018-04-22,2018,Q2,2,4,April,22,Sunday
843,2018-04-23,2018,Q2,2,4,April,23,Monday
844,2018-04-24,2018,Q2,2,4,April,24,Tuesday
845,2018-04-25,2018,Q2,2,4,April,25,Wednesday
846,2018-04-26,2018,Q2,2,4,April,26,Thursday
847,2018-04-27,2018,Q2,2,4,April,27,Friday
848,2018-04-28,2018,Q2,2,4,April,28,Saturday
849,2018-04-29,2018,Q2,2,4,April,29,Sunday
850,2018-04-30,2018,Q2,2,4,April,30,Monday
851,2018-05-01,2018,Q2,2,5,May,1,Tuesday
852,2018-05-02,2018,Q2,2,5,May,2,Wednesday
853,2018-05-03,2018,Q2,2,5,May,3,Thursday
854,2018-05-04,2018,Q2,2,5,May,4,Friday
855,2018-05-05,2018,Q2,2,5,May,5,Saturday
856,2018-05-06,2018,Q2,2,5,May,6,Sunday
857,2018-05-07,2018,Q2,2,5,May,7,Monday
858,2018-05-08,2018,Q2,2,5,May,8,Tuesday
859,2018-05-09,2018,Q2,2,5,May,9,Wednesday
860,2018-05-10,2018,Q2,2,5,May,10,Thursday
861,2018-05-11,2018,Q2,2,5,May,11,Friday
862,2018-05-12,2018,Q2,2,5,May,12,Saturday
863,2018-05-13,2018,Q2,2,5,May,13,Sunday
864,2018-05-14,2018,Q2,2,5,May,14,Monday
865,2018-05-15,2018,Q2,2,5,May,15,Tuesday
866,2018-05-16,2018,Q2,2,5,May,16,Wednesday
867,2018-05-17,2018,Q2,2,5,May,17,Thursday
868,2018-05-18,2018,Q2,2,5,May,18,Friday
869,2018-05-19,2018,Q2,2,5,May,19,Saturday
870,2018-05-20,2018,Q2,2,5,May,20,Sunday
871,2018-05-21,2018,Q2,2,5,May,21,Monday
872,2018-05-22,2018,Q2,2,5,May,22,Tuesday
873,2018-05-23,2018,Q2,2,5,May,23,Wednesday
874,2018-05-24,2018,Q2,2,5,May,24,Thursday
875,2018-05-25,2018,Q2,2,5,May,25,Friday
876,2018-05-26,2018,Q2,2,5,May,26,Saturday
877,2018-05-27,2018,Q2,2,5,May,27,Sunday
878,2018-05-28,2018,Q2,2,5,May,28,Monday
879,2018-05-29,2018,Q2,2,5,May,29,Tuesday
880,2018-05-30,2018,Q2,2,5,May,30,Wednesday
881,2018-05-31,2018,Q2,2,5,May,31,Thursday
882,2018-06-01,2018,Q2,2,6,June,1,Friday
883,2018-06-02,2018,Q2,2,6,June,2,Saturday
884,2018-06-03,2018,Q2,2,6,June,3,Sunday
885,2018-06-04,2018,Q2,2,6,June,4,Monday
886,2018-06-05,2018,Q2,2,6,June,5,Tuesday
887,2018-06-06,2018,Q2,2,6,June,6,Wednesday
888,2018-06-07,2018,Q2,2,6,June,7,Thursday
889,2018-06-08,2018,Q2,2,6,June,8,Friday
890,2018-06-09,2018,Q2,2,6,June,9,Saturday
891,2018-06-10,2018,Q2,2,6,June,10,Sunday
892,2018-06-11,2018,Q2,2,6,June,11,Monday
893,2018-06-12,2018,Q2,2,6,June,12,Tuesday
894,2018-06-13,2018,Q2,2,6,June,13,Wednesday
895,2018-06-14,2018,Q2,2,6,June,14,Thursday
896,2018-06-15,2018,Q2,2,6,June,15,Friday
897,2018-06-16,2018,Q2,2,6,June,16,Saturday
898,2018-06-17,2018,Q2,2,6,June,17,Sunday
899,2018-06-18,2018,Q2,2,6,June,18,Monday
900,2018-06-19,2018,Q2,2,6,June,19,Tuesday
901,2018-06-20,2018,Q2,2,6,June,20,Wednesday
902,2018-06-21,2018,Q2,2,6,June,21,Thursday
903,2018-06-22,2018,Q2,2,6,June,22,Friday
904,2018-06-23,2018,Q2,2,6,June,23,Saturday
905,2018-06-24,2018,Q2,2,6,June,24,Sunday
906,2018-06-25,2018,Q2,2,6,June,25,Monday
907,2018-06-26,2018,Q2,2,6,June,26,Tuesday
908,2018-06-27,2018,Q2,2,6,June,27,Wednesday
909,2018-06-28,2018,Q2,2,6,June,28,Thursday
910,2018-06-29,2018,Q2,2,6,June,29,Friday
911,2018-06-30,2018,Q2,2,6,June,30,Saturday
912,2018-07-01,2018,Q3,3,7,July,1,Sunday
913,2018-07-02,2018,Q3,3,7,July,2,Monday
914,2018-07-03,2018,Q3,3,7,July,3,Tuesday
915,2018-07-04,2018,Q3,3,7,July,4,Wednesday
916,2018-07-05,2018,Q3,3,7,July,5,Thursday
917,2018-07-06,2018,Q3,3,7,July,6,Friday
918,2018-07-07,2018,Q3,3,7,July,7,Saturday
919,2018-07-08,2018,Q3,3,7,July,8,Sunday
920,2018-07-09,2018,Q3,3,7,July,9,Monday
921,2018-07-10,2018,Q3,3,7,July,10,Tuesday
922,2018-07-11,2018,Q3,3,7,July,11,Wednesday
923,2018-07-12,2018,Q3,3,7,July,12,Thursday
924,2018-07-13,2018,Q3,3,7,July,13,Friday
925,2018-07-14,2018,Q3,3,7,July,14,Saturday
926,2018-07-15,2018,Q3,3,7,July,15,Sunday
927,2018-07-16,2018,Q3,3,7,July,16,Monday
928,2018-07-17,2018,Q3,3,7,July,17,Tuesday
929,2018-07-18,2018,Q3,3,7,July,18,Wednesday
930,2018-07-19,2018,Q3,3,7,July,19,Thursday
931,2018-07-20,2018,Q3,3,7,July,20,Friday
932,2018-07-21,2018,Q3,3,7,July,21,Saturday
933,2018-07-22,2018,Q3,3,7,July,22,Sunday
934,2018-07-23,2018,Q3,3,7,July,23,Monday
935,2018-07-24,2018,Q3,3,7,July,24,Tuesday
936,2018-07-25,2018,Q3,3,7,July,25,Wednesday
937,2018-07-26,2018,Q3,3,7,July,26,Thursday
938,2018-07-27,2018,Q3,3,7,July,27,Friday
939,2018-07-28,2018,Q3,3,7,July,28,Saturday
940,2018-07-29,2018,Q3,3,7,July,29,Sunday
941,2018-07-30,2018,Q3,3,7,July,30,Monday
942,2018-07-31,2018,Q3,3,7,July,31,Tuesday
943,2018-08-01,2018,Q3,3,8,August,1,Wednesday
944,2018-08-02,2018,Q3,3,8,August,2,Thursday
945,2018-08-03,2018,Q3,3,8,August,3,Friday
946,2018-08-04,2018,Q3,3,8,August,4,Saturday
947,2018-08-05,2018,Q3,3,8,August,5,Sunday
948,2018-08-06,2018,Q3,3,8,August,6,Monday
949,2018-08-07,2018,Q3,3,8,August,7,Tuesday
950,2018-08-08,2018,Q3,3,8,August,8,Wednesday
951,2018-08-09,2018,Q3,3,8,August,9,Thursday
952,2018-08-10,2018,Q3,3,8,August,10,Friday
953,2018-08-11,2018,Q3,3,8,August,11,Saturday
954,2018-08-12,2018,Q3,3,8,August,12,Sunday
955,2018-08-13,2018,Q3,3,8,August,13,Monday
956,2018-08-14,2018,Q3,3,8,August,14,Tuesday
957,2018-08-15,2018,Q3,3,8,August,15,Wednesday
958,2018-08-16,2018,Q3,3,8,August,16,Thursday
959,2018-08-17,2018,Q3,3,8,August,17,Friday
960,2018-08-18,2018,Q3,3,8,August,18,Saturday
961,2018-08-19,2018,Q3,3,8,August,19,Sunday
962,2018-08-20,2018,Q3,3,8,August,20,Monday
963,2018-08-21,2018,Q3,3,8,August,21,Tuesday
964,2018-08-22,2018,Q3,3,8,August,22,Wednesday
965,2018-08-23,2018,Q3,3,8,August,23,Thursday
966,2018-08-24,2018,Q3,3,8,August,24,Friday
967,2018-08-25,2018,Q3,3,8,August,25,Saturday
968,2018-08-26,2018,Q3,3,8,August,26,Sunday
969,2018-08-27,2018,Q3,3,8,August,27,Monday
970,2018-08-28,2018,Q3,3,8,August,28,Tuesday
971,2018-08-29,2018,Q3,3,8,August,29,Wednesday
972,2018-08-30,2018,Q3,3,8,August,30,Thursday
973,2018-08-31,2018,Q3,3,8,August,31,Friday
974,2018-09-01,2018,Q3,3,9,September,1,Saturday
975,2018-09-02,2018,Q3,3,9,September,2,Sunday
976,2018-09-03,2018,Q3,3,9,September,3,Monday
977,2018-09-04,2018,Q3,3,9,September,4,Tuesday
978,2018-09-05,2018,Q3,3,9,September,5,Wednesday
979,2018-09-06,2018,Q3,3,9,September,6,Thursday
980,2018-09-07,2018,Q3,3,9,September,7,Friday
981,2018-09-08,2018,Q3,3,9,September,8,Saturday
982,2018-09-09,2018,Q3,3,9,September,9,Sunday
983,2018-09-10,2018,Q3,3,9,September,10,Monday
984,2018-09-11,2018,Q3,3,9,September,11,Tuesday
985,2018-09-12,2018,Q3,3,9,September,12,Wednesday
986,2018-09-13,2018,Q3,3,9,September,13,Thursday
987,2018-09-14,2018,Q3,3,9,September,14,Friday
988,2018-09-15,2018,Q3,3,9,September,15,Saturday
989,2018-09-16,2018,Q3,3,9,September,16,Sunday
990,2018-09-17,2018,Q3,3,9,September,17,Monday
991,2018-09-18,2018,Q3,3,9,September,18,Tuesday
992,2018-09-19,2018,Q3,3,9,September,19,Wednesday
993,2018-09-20,2018,Q3,3,9,September,20,Thursday
994,2018-09-21,2018,Q3,3,9,September,21,Friday
995,2018-09-22,2018,Q3,3,9,September,22,Saturday
996,2018-09-23,2018,Q3,3,9,September,23,Sunday
997,2018-09-24,2018,Q3,3,9,September,24,Monday
998,2018-09-25,2018,Q3,3,9,September,25,Tuesday
999,2018-09-26,2018,Q3,3,9,September,26,Wednesday
1000,2018-09-27,2018,Q3,3,9,September,27,Thursday
1001,2018-09-28,2018,Q3,3,9,September,28,Friday
1002,2018-09-29,2018,Q3,3,9,September,29,Saturday
1003,2018-09-30,2018,Q3,3,9,September,30,Sunday
1004,2018-10-01,2018,Q4,4,10,October,1,Monday
1005,2018-10-02,2018,Q4,4,10,October,2,Tuesday
1006,2018-10-03,2018,Q4,4,10,October,3,Wednesday
1007,2018-10-04,2018,Q4,4,10,October,4,Thursday
1008,2018-10-05,2018,Q4,4,10,October,5,Friday
1009,2018-10-06,2018,Q4,4,10,October,6,Saturday
1010,2018-10-07,2018,Q4,4,10,October,7,Sunday
1011,2018-10-08,2018,Q4,4,10,October,8,Monday
1012,2018-10-09,2018,Q4,4,10,October,9,Tuesday
1013,2018-10-10,2018,Q4,4,10,October,10,Wednesday
1014,2018-10-11,2018,Q4,4,10,October,11,Thursday
1015,2018-10-12,2018,Q4,4,10,October,12,Friday
1016,2018-10-13,2018,Q4,4,10,October,13,Saturday
1017,2018-10-14,2018,Q4,4,10,October,14,Sunday
1018,2018-10-15,2018,Q4,4,10,October,15,Monday
1019,2018-10-16,2018,Q4,4,10,October,16,Tuesday
1020,2018-10-17,2018,Q4,4,10,October,17,Wednesday
1021,2018-10-18,2018,Q4,4,10,October,18,Thursday
1022,2018-10-19,2018,Q4,4,10,October,19,Friday
1023,2018-10-20,2018,Q4,4,10,October,20,Saturday
1024,2018-10-21,2018,Q4,4,10,October,21,Sunday
1025,2018-10-22,2018,Q4,4,10,October,22,Monday
1026,2018-10-23,2018,Q4,4,10,October,23,Tuesday
1027,2018-10-24,2018,Q4,4,10,October,24,Wednesday
1028,2018-10-25,2018,Q4,4,10,October,25,Thursday
1029,2018-10-26,2018,Q4,4,10,October,26,Friday
1030,2018-10-27,2018,Q4,4,10,October,27,Saturday
1031,2018-10-28,2018,Q4,4,10,October,28,Sunday
1032,2018-10-29,2018,Q4,4,10,October,29,Monday
1033,2018-10-30,2018,Q4,4,10,October,30,Tuesday
1034,2018-10-31,2018,Q4,4,10,October,31,Wednesday
1035,2018-11-01,2018,Q4,4,11,November,1,Thursday
1036,2018-11-02,2018,Q4,4,11,November,2,Friday
1037,2018-11-03,2018,Q4,4,11,November,3,Saturday
1038,2018-11-04,2018,Q4,4,11,November,4,Sunday
1039,2018-11-05,2018,Q4,4,11,November,5,Monday
1040,2018-11-06,2018,Q4,4,11,November,6,Tuesday
1041,2018-11-07,2018,Q4,4,11,November,7,Wednesday
1042,2018-11-08,2018,Q4,4,11,November,8,Thursday
1043,2018-11-09,2018,Q4,4,11,November,9,Friday
1044,2018-11-10,2018,Q4,4,11,November,10,Saturday
1045,2018-11-11,2018,Q4,4,11,November,11,Sunday
1046,2018-11-12,2018,Q4,4,11,November,12,Monday
1047,2018-11-13,2018,Q4,4,11,November,13,Tuesday
1048,2018-11-14,2018,Q4,4,11,November,14,Wednesday
1049,2018-11-15,2018,Q4,4,11,November,15,Thursday
1050,2018-11-16,2018,Q4,4,11,November,16,Friday
1051,2018-11-17,2018,Q4,4,11,November,17,Saturday
1052,2018-11-18,2018,Q4,4,11,November,18,Sunday
1053,2018-11-19,2018,Q4,4,11,November,19,Monday
1054,2018-11-20,2018,Q4,4,11,November,20,Tuesday
1055,2018-11-21,2018,Q4,4,11,November,21,Wednesday
1056,2018-11-22,2018,Q4,4,11,November,22,Thursday
1057,2018-11-23,2018,Q4,4,11,November,23,Friday
1058,2018-11-24,2018,Q4,4,11,November,24,Saturday
1059,2018-11-25,2018,Q4,4,11,November,25,Sunday
1060,2018-11-26,2018,Q4,4,11,November,26,Monday
1061,2018-11-27,2018,Q4,4,11,November,27,Tuesday
1062,2018-11-28,2018,Q4,4,11,November,28,Wednesday
1063,2018-11-29,2018,Q4,4,11,November,29,Thursday
1064,2018-11-30,2018,Q4,4,11,November,30,Friday
1065,2018-12-01,2018,Q4,4,12,December,1,Saturday
1066,2018-12-02,2018,Q4,4,12,December,2,Sunday
1067,2018-12-03,2018,Q4,4,12,December,3,Monday
1068,2018-12-04,2018,Q4,4,12,December,4,Tuesday
1069,2018-12-05,2018,Q4,4,12,December,5,Wednesday
1070,2018-12-06,2018,Q4,4,12,December,6,Thursday
1071,2018-12-07,2018,Q4,4,12,December,7,Friday
1072,2018-12-08,2018,Q4,4,12,December,8,Saturday
1073,2018-12-09,2018,Q4,4,12,December,9,Sunday
1074,2018-12-10,2018,Q4,4,12,December,10,Monday
1075,2018-12-11,2018,Q4,4,12,December,11,Tuesday
1076,2018-12-12,2018,Q4,4,12,December,12,Wednesday
1077,2018-12-13,2018,Q4,4,12,December,13,Thursday
1078,2018-12-14,2018,Q4,4,12,December,14,Friday
1079,2018-12-15,2018,Q4,4,12,December,15,Saturday
1080,2018-12-16,2018,Q4,4,12,December,16,Sunday
1081,2018-12-17,2018,Q4,4,12,December,17,Monday
1082,2018-12-18,2018,Q4,4,12,December,18,Tuesday
1083,2018-12-19,2018,Q4,4,12,December,19,Wednesday
1084,2018-12-20,2018,Q4,4,12,December,20,Thursday
1085,2018-12-21,2018,Q4,4,12,December,21,Friday
1086,2018-12-22,2018,Q4,4,12,December,22,Saturday
1087,2018-12-23,2018,Q4,4,12,December,23,Sunday
1088,2018-12-24,2018,Q4,4,12,December,24,Monday
1089,2018-12-25,2018,Q4,4,12,December,25,Tuesday
1090,2018-12-26,2018,Q4,4,12,December,26,Wednesday
1091,2018-12-27,2018,Q4,4,12,December,27,Thursday
1092,2018-12-28,2018,Q4,4,12,December,28,Friday
1093,2018-12-29,2018,Q4,4,12,December,29,Saturday
1094,2018-12-30,2018,Q4,4,12,December,30,Sunday
1095,2018-12-31,2018,Q4,4,12,December,31,Monday
1096,2019-01-01,2019,Q1,1,1,January,1,Tuesday
1097,2019-01-02,2019,Q1,1,1,January,2,Wednesday
1098,2019-01-03,2019,Q1,1,1,January,3,Thursday
1099,2019-01-04,2019,Q1,1,1,January,4,Friday
1100,2019-01-05,2019,Q1,1,1,January,5,Saturday
1101,2019-01-06,2019,Q1,1,1,January,6,Sunday
1102,2019-01-07,2019,Q1,1,1,January,7,Monday
1103,2019-01-08,2019,Q1,1,1,January,8,Tuesday
1104,2019-01-09,2019,Q1,1,1,January,9,Wednesday
1105,2019-01-10,2019,Q1,1,1,January,10,Thursday
1106,2019-01-11,2019,Q1,1,1,January,11,Friday
1107,2019-01-12,2019,Q1,1,1,January,12,Saturday
1108,2019-01-13,2019,Q1,1,1,January,13,Sunday
1109,2019-01-14,2019,Q1,1,1,January,14,Monday
1110,2019-01-15,2019,Q1,1,1,January,15,Tuesday
1111,2019-01-16,2019,Q1,1,1,January,16,Wednesday
1112,2019-01-17,2019,Q1,1,1,January,17,Thursday
1113,2019-01-18,2019,Q1,1,1,January,18,Friday
1114,2019-01-19,2019,Q1,1,1,January,19,Saturday
1115,2019-01-20,2019,Q1,1,1,January,20,Sunday
1116,2019-01-21,2019,Q1,1,1,January,21,Monday
1117,2019-01-22,2019,Q1,1,1,January,22,Tuesday
1118,2019-01-23,2019,Q1,1,1,January,23,Wednesday
1119,2019-01-24,2019,Q1,1,1,January,24,Thursday
1120,2019-01-25,2019,Q1,1,1,January,25,Friday
1121,2019-01-26,2019,Q1,1,1,January,26,Saturday
1122,2019-01-27,2019,Q1,1,1,January,27,Sunday
1123,2019-01-28,2019,Q1,1,1,January,28,Monday
1124,2019-01-29,2019,Q1,1,1,January,29,Tuesday
1125,2019-01-30,2019,Q1,1,1,January,30,Wednesday
1126,2019-01-31,2019,Q1,1,1,January,31,Thursday
1127,2019-02-01,2019,Q1,1,2,February,1,Friday
1128,2019-02-02,2019,Q1,1,2,February,2,Saturday
1129,2019-02-03,2019,Q1,1,2,February,3,Sunday
1130,2019-02-04,2019,Q1,1,2,February,4,Monday
1131,2019-02-05,2019,Q1,1,2,February,5,Tuesday
1132,2019-02-06,2019,Q1,1,2,February,6,Wednesday
1133,2019-02-07,2019,Q1,1,2,February,7,Thursday
1134,2019-02-08,2019,Q1,1,2,February,8,Friday
1135,2019-02-09,2019,Q1,1,2,February,9,Saturday
1136,2019-02-10,2019,Q1,1,2,February,10,Sunday
1137,2019-02-11,2019,Q1,1,2,February,11,Monday
1138,2019-02-12,2019,Q1,1,2,February,12,Tuesday
1139,2019-02-13,2019,Q1,1,2,February,13,Wednesday
1140,2019-02-14,2019,Q1,1,2,February,14,Thursday
1141,2019-02-15,2019,Q1,1,2,February,15,Friday
1142,2019-02-16,2019,Q1,1,2,February,16,Saturday
1143,2019-02-17,2019,Q1,1,2,February,17,Sunday
1144,2019-02-18,2019,Q1,1,2,February,18,Monday
1145,2019-02-19,2019,Q1,1,2,February,19,Tuesday
1146,2019-02-20,2019,Q1,1,2,February,20,Wednesday
1147,2019-02-21,2019,Q1,1,2,February,21,Thursday
1148,2019-02-22,2019,Q1,1,2,February,22,Friday
1149,2019-02-23,2019,Q1,1,2,February,23,Saturday
1150,2019-02-24,2019,Q1,1,2,February,24,Sunday
1151,2019-02-25,2019,Q1,1,2,February,25,Monday
1152,2019-02-26,2019,Q1,1,2,February,26,Tuesday
1153,2019-02-27,2019,Q1,1,2,February,27,Wednesday
1154,2019-02-28,2019,Q1,1,2,February,28,Thursday
1155,2019-03-01,2019,Q1,1,3,March,1,Friday
1156,2019-03-02,2019,Q1,1,3,March,2,Saturday
1157,2019-03-03,2019,Q1,1,3,March,3,Sunday
1158,2019-03-04,2019,Q1,1,3,March,4,Monday
1159,2019-03-05,2019,Q1,1,3,March,5,Tuesday
1160,2019-03-06,2019,Q1,1,3,March,6,Wednesday
1161,2019-03-07,2019,Q1,1,3,March,7,Thursday
1162,2019-03-08,2019,Q1,1,3,March,8,Friday
1163,2019-03-09,2019,Q1,1,3,March,9,Saturday
1164,2019-03-10,2019,Q1,1,3,March,10,Sunday
1165,2019-03-11,2019,Q1,1,3,March,11,Monday
1166,2019-03-12,2019,Q1,1,3,March,12,Tuesday
1167,2019-03-13,2019,Q1,1,3,March,13,Wednesday
1168,2019-03-14,2019,Q1,1,3,March,14,Thursday
1169,2019-03-15,2019,Q1,1,3,March,15,Friday
1170,2019-03-16,2019,Q1,1,3,March,16,Saturday
1171,2019-03-17,2019,Q1,1,3,March,17,Sunday
1172,2019-03-18,2019,Q1,1,3,March,18,Monday
1173,2019-03-19,2019,Q1,1,3,March,19,Tuesday
1174,2019-03-20,2019,Q1,1,3,March,20,Wednesday
1175,2019-03-21,2019,Q1,1,3,March,21,Thursday
1176,2019-03-22,2019,Q1,1,3,March,22,Friday
1177,2019-03-23,2019,Q1,1,3,March,23,Saturday
1178,2019-03-24,2019,Q1,1,3,March,24,Sunday
1179,2019-03-25,2019,Q1,1,3,March,25,Monday
1180,2019-03-26,2019,Q1,1,3,March,26,Tuesday
1181,2019-03-27,2019,Q1,1,3,March,27,Wednesday
1182,2019-03-28,2019,Q1,1,3,March,28,Thursday
1183,2019-03-29,2019,Q1,1,3,March,29,Friday
1184,2019-03-30,2019,Q1,1,3,March,30,Saturday
1185,2019-03-31,2019,Q1,1,3,March,31,Sunday
1186,2019-04-01,2019,Q2,2,4,April,1,Monday
1187,2019-04-02,2019,Q2,2,4,April,2,Tuesday
1188,2019-04-03,2019,Q2,2,4,April,3,Wednesday
1189,2019-04-04,2019,Q2,2,4,April,4,Thursday
1190,2019-04-05,2019,Q2,2,4,April,5,Friday
1191,2019-04-06,2019,Q2,2,4,April,6,Saturday
1192,2019-04-07,2019,Q2,2,4,April,7,Sunday
1193,2019-04-08,2019,Q2,2,4,April,8,Monday
1194,2019-04-09,2019,Q2,2,4,April,9,Tuesday
1195,2019-04-10,2019,Q2,2,4,April,10,Wednesday
1196,2019-04-11,2019,Q2,2,4,April,11,Thursday
1197,2019-04-12,2019,Q2,2,4,April,12,Friday
1198,2019-04-13,2019,Q2,2,4,April,13,Saturday
1199,2019-04-14,2019,Q2,2,4,April,14,Sunday
1200,2019-04-15,2019,Q2,2,4,April,15,Monday
1201,2019-04-16,2019,Q2,2,4,April,16,Tuesday
1202,2019-04-17,2019,Q2,2,4,April,17,Wednesday
1203,2019-04-18,2019,Q2,2,4,April,18,Thursday
1204,2019-04-19,2019,Q2,2,4,April,19,Friday
1205,2019-04-20,2019,Q2,2,4,April,20,Saturday
1206,2019-04-21,2019,Q2,2,4,April,21,Sunday
1207,2019-04-22,2019,Q2,2,4,April,22,Monday
1208,2019-04-23,2019,Q2,2,4,April,23,Tuesday
1209,2019-04-24,2019,Q2,2,4,April,24,Wednesday
1210,2019-04-25,2019,Q2,2,4,April,25,Thursday
1211,2019-04-26,2019,Q2,2,4,April,26,Friday
1212,2019-04-27,2019,Q2,2,4,April,27,Saturday
1213,2019-04-28,2019,Q2,2,4,April,28,Sunday
1214,2019-04-29,2019,Q2,2,4,April,29,Monday
1215,2019-04-30,2019,Q2,2,4,April,30,Tuesday
1216,2019-05-01,2019,Q2,2,5,May,1,Wednesday
1217,2019-05-02,2019,Q2,2,5,May,2,Thursday
1218,2019-05-03,2019,Q2,2,5,May,3,Friday
1219,2019-05-04,2019,Q2,2,5,May,4,Saturday
1220,2019-05-05,2019,Q2,2,5,May,5,Sunday
1221,2019-05-06,2019,Q2,2,5,May,6,Monday
1222,2019-05-07,2019,Q2,2,5,May,7,Tuesday
1223,2019-05-08,2019,Q2,2,5,May,8,Wednesday
1224,2019-05-09,2019,Q2,2,5,May,9,Thursday
1225,2019-05-10,2019,Q2,2,5,May,10,Friday
1226,2019-05-11,2019,Q2,2,5,May,11,Saturday
1227,2019-05-12,2019,Q2,2,5,May,12,Sunday
1228,2019-05-13,2019,Q2,2,5,May,13,Monday
1229,2019-05-14,2019,Q2,2,5,May,14,Tuesday
1230,2019-05-15,2019,Q2,2,5,May,15,Wednesday
1231,2019-05-16,2019,Q2,2,5,May,16,Thursday
1232,2019-05-17,2019,Q2,2,5,May,17,Friday
1233,2019-05-18,2019,Q2,2,5,May,18,Saturday
1234,2019-05-19,2019,Q2,2,5,May,19,Sunday
1235,2019-05-20,2019,Q2,2,5,May,20,Monday
1236,2019-05-21,2019,Q2,2,5,May,21,Tuesday
1237,2019-05-22,2019,Q2,2,5,May,22,Wednesday
1238,2019-05-23,2019,Q2,2,5,May,23,Thursday
1239,2019-05-24,2019,Q2,2,5,May,24,Friday
1240,2019-05-25,2019,Q2,2,5,May,25,Saturday
1241,2019-05-26,2019,Q2,2,5,May,26,Sunday
1242,2019-05-27,2019,Q2,2,5,May,27,Monday
1243,2019-05-28,2019,Q2,2,5,May,28,Tuesday
1244,2019-05-29,2019,Q2,2,5,May,29,Wednesday
1245,2019-05-30,2019,Q2,2,5,May,30,Thursday
1246,2019-05-31,2019,Q2,2,5,May,31,Friday
1247,2019-06-01,2019,Q2,2,6,June,1,Saturday
1248,2019-06-02,2019,Q2,2,6,June,2,Sunday
1249,2019-06-03,2019,Q2,2,6,June,3,Monday
1250,2019-06-04,2019,Q2,2,6,June,4,Tuesday
1251,2019-06-05,2019,Q2,2,6,June,5,Wednesday
1252,2019-06-06,2019,Q2,2,6,June,6,Thursday
1253,2019-06-07,2019,Q2,2,6,June,7,Friday
1254,2019-06-08,2019,Q2,2,6,June,8,Saturday
1255,2019-06-09,2019,Q2,2,6,June,9,Sunday
1256,2019-06-10,2019,Q2,2,6,June,10,Monday
1257,2019-06-11,2019,Q2,2,6,June,11,Tuesday
1258,2019-06-12,2019,Q2,2,6,June,12,Wednesday
1259,2019-06-13,2019,Q2,2,6,June,13,Thursday
1260,2019-06-14,2019,Q2,2,6,June,14,Friday
1261,2019-06-15,2019,Q2,2,6,June,15,Saturday
1262,2019-06-16,2019,Q2,2,6,June,16,Sunday
1263,2019-06-17,2019,Q2,2,6,June,17,Monday
1264,2019-06-18,2019,Q2,2,6,June,18,Tuesday
1265,2019-06-19,2019,Q2,2,6,June,19,Wednesday
1266,2019-06-20,2019,Q2,2,6,June,20,Thursday
1267,2019-06-21,2019,Q2,2,6,June,21,Friday
1268,2019-06-22,2019,Q2,2,6,June,22,Saturday
1269,2019-06-23,2019,Q2,2,6,June,23,Sunday
1270,2019-06-24,2019,Q2,2,6,June,24,Monday
1271,2019-06-25,2019,Q2,2,6,June,25,Tuesday
1272,2019-06-26,2019,Q2,2,6,June,26,Wednesday
1273,2019-06-27,2019,Q2,2,6,June,27,Thursday
1274,2019-06-28,2019,Q2,2,6,June,28,Friday
1275,2019-06-29,2019,Q2,2,6,June,29,Saturday
1276,2019-06-30,2019,Q2,2,6,June,30,Sunday
1277,2019-07-01,2019,Q3,3,7,July,1,Monday
1278,2019-07-02,2019,Q3,3,7,July,2,Tuesday
1279,2019-07-03,2019,Q3,3,7,July,3,Wednesday
1280,2019-07-04,2019,Q3,3,7,July,4,Thursday
1281,2019-07-05,2019,Q3,3,7,July,5,Friday
1282,2019-07-06,2019,Q3,3,7,July,6,Saturday
1283,2019-07-07,2019,Q3,3,7,July,7,Sunday
1284,2019-07-08,2019,Q3,3,7,July,8,Monday
1285,2019-07-09,2019,Q3,3,7,July,9,Tuesday
1286,2019-07-10,2019,Q3,3,7,July,10,Wednesday
1287,2019-07-11,2019,Q3,3,7,July,11,Thursday
1288,2019-07-12,2019,Q3,3,7,July,12,Friday
1289,2019-07-13,2019,Q3,3,7,July,13,Saturday
1290,2019-07-14,2019,Q3,3,7,July,14,Sunday
1291,2019-07-15,2019,Q3,3,7,July,15,Monday
1292,2019-07-16,2019,Q3,3,7,July,16,Tuesday
1293,2019-07-17,2019,Q3,3,7,July,17,Wednesday
1294,2019-07-18,2019,Q3,3,7,July,18,Thursday
1295,2019-07-19,2019,Q3,3,7,July,19,Friday
1296,2019-07-20,2019,Q3,3,7,July,20,Saturday
1297,2019-07-21,2019,Q3,3,7,July,21,Sunday
1298,2019-07-22,2019,Q3,3,7,July,22,Monday
1299,2019-07-23,2019,Q3,3,7,July,23,Tuesday
1300,2019-07-24,2019,Q3,3,7,July,24,Wednesday
1301,2019-07-25,2019,Q3,3,7,July,25,Thursday
1302,2019-07-26,2019,Q3,3,7,July,26,Friday
1303,2019-07-27,2019,Q3,3,7,July,27,Saturday
1304,2019-07-28,2019,Q3,3,7,July,28,Sunday
1305,2019-07-29,2019,Q3,3,7,July,29,Monday
1306,2019-07-30,2019,Q3,3,7,July,30,Tuesday
1307,2019-07-31,2019,Q3,3,7,July,31,Wednesday
1308,2019-08-01,2019,Q3,3,8,August,1,Thursday
1309,2019-08-02,2019,Q3,3,8,August,2,Friday
1310,2019-08-03,2019,Q3,3,8,August,3,Saturday
1311,2019-08-04,2019,Q3,3,8,August,4,Sunday
1312,2019-08-05,2019,Q3,3,8,August,5,Monday
1313,2019-08-06,2019,Q3,3,8,August,6,Tuesday
1314,2019-08-07,2019,Q3,3,8,August,7,Wednesday
1315,2019-08-08,2019,Q3,3,8,August,8,Thursday
1316,2019-08-09,2019,Q3,3,8,August,9,Friday
1317,2019-08-10,2019,Q3,3,8,August,10,Saturday
1318,2019-08-11,2019,Q3,3,8,August,11,Sunday
1319,2019-08-12,2019,Q3,3,8,August,12,Monday
1320,2019-08-13,2019,Q3,3,8,August,13,Tuesday
1321,2019-08-14,2019,Q3,3,8,August,14,Wednesday
1322,2019-08-15,2019,Q3,3,8,August,15,Thursday
1323,2019-08-16,2019,Q3,3,8,August,16,Friday
1324,2019-08-17,2019,Q3,3,8,August,17,Saturday
1325,2019-08-18,2019,Q3,3,8,August,18,Sunday
1326,2019-08-19,2019,Q3,3,8,August,19,Monday
1327,2019-08-20,2019,Q3,3,8,August,20,Tuesday
1328,2019-08-21,2019,Q3,3,8,August,21,Wednesday
1329,2019-08-22,2019,Q3,3,8,August,22,Thursday
1330,2019-08-23,2019,Q3,3,8,August,23,Friday
1331,2019-08-24,2019,Q3,3,8,August,24,Saturday
1332,2019-08-25,2019,Q3,3,8,August,25,Sunday
1333,2019-08-26,2019,Q3,3,8,August,26,Monday
1334,2019-08-27,2019,Q3,3,8,August,27,Tuesday
1335,2019-08-28,2019,Q3,3,8,August,28,Wednesday
1336,2019-08-29,2019,Q3,3,8,August,29,Thursday
1337,2019-08-30,2019,Q3,3,8,August,30,Friday
1338,2019-08-31,2019,Q3,3,8,August,31,Saturday
1339,2019-09-01,2019,Q3,3,9,September,1,Sunday
1340,2019-09-02,2019,Q3,3,9,September,2,Monday
1341,2019-09-03,2019,Q3,3,9,September,3,Tuesday
1342,2019-09-04,2019,Q3,3,9,September,4,Wednesday
1343,2019-09-05,2019,Q3,3,9,September,5,Thursday
1344,2019-09-06,2019,Q3,3,9,September,6,Friday
1345,2019-09-07,2019,Q3,3,9,September,7,Saturday
1346,2019-09-08,2019,Q3,3,9,September,8,Sunday
1347,2019-09-09,2019,Q3,3,9,September,9,Monday
1348,2019-09-10,2019,Q3,3,9,September,10,Tuesday
1349,2019-09-11,2019,Q3,3,9,September,11,Wednesday
1350,2019-09-12,2019,Q3,3,9,September,12,Thursday
1351,2019-09-13,2019,Q3,3,9,September,13,Friday
1352,2019-09-14,2019,Q3,3,9,September,14,Saturday
1353,2019-09-15,2019,Q3,3,9,September,15,Sunday
1354,2019-09-16,2019,Q3,3,9,September,16,Monday
1355,2019-09-17,2019,Q3,3,9,September,17,Tuesday
1356,2019-09-18,2019,Q3,3,9,September,18,Wednesday
1357,2019-09-19,2019,Q3,3,9,September,19,Thursday
1358,2019-09-20,2019,Q3,3,9,September,20,Friday
1359,2019-09-21,2019,Q3,3,9,September,21,Saturday
1360,2019-09-22,2019,Q3,3,9,September,22,Sunday
1361,2019-09-23,2019,Q3,3,9,September,23,Monday
1362,2019-09-24,2019,Q3,3,9,September,24,Tuesday
1363,2019-09-25,2019,Q3,3,9,September,25,Wednesday
1364,2019-09-26,2019,Q3,3,9,September,26,Thursday
1365,2019-09-27,2019,Q3,3,9,September,27,Friday
1366,2019-09-28,2019,Q3,3,9,September,28,Saturday
1367,2019-09-29,2019,Q3,3,9,September,29,Sunday
1368,2019-09-30,2019,Q3,3,9,September,30,Monday
1369,2019-10-01,2019,Q4,4,10,October,1,Tuesday
1370,2019-10-02,2019,Q4,4,10,October,2,Wednesday
1371,2019-10-03,2019,Q4,4,10,October,3,Thursday
1372,2019-10-04,2019,Q4,4,10,October,4,Friday
1373,2019-10-05,2019,Q4,4,10,October,5,Saturday
1374,2019-10-06,2019,Q4,4,10,October,6,Sunday
1375,2019-10-07,2019,Q4,4,10,October,7,Monday
1376,2019-10-08,2019,Q4,4,10,October,8,Tuesday
1377,2019-10-09,2019,Q4,4,10,October,9,Wednesday
1378,2019-10-10,2019,Q4,4,10,October,10,Thursday
1379,2019-10-11,2019,Q4,4,10,October,11,Friday
1380,2019-10-12,2019,Q4,4,10,October,12,Saturday
1381,2019-10-13,2019,Q4,4,10,October,13,Sunday
1382,2019-10-14,2019,Q4,4,10,October,14,Monday
1383,2019-10-15,2019,Q4,4,10,October,15,Tuesday
1384,2019-10-16,2019,Q4,4,10,October,16,Wednesday
1385,2019-10-17,2019,Q4,4,10,October,17,Thursday
1386,2019-10-18,2019,Q4,4,10,October,18,Friday
1387,2019-10-19,2019,Q4,4,10,October,19,Saturday
1388,2019-10-20,2019,Q4,4,10,October,20,Sunday
1389,2019-10-21,2019,Q4,4,10,October,21,Monday
1390,2019-10-22,2019,Q4,4,10,October,22,Tuesday
1391,2019-10-23,2019,Q4,4,10,October,23,Wednesday
1392,2019-10-24,2019,Q4,4,10,October,24,Thursday
1393,2019-10-25,2019,Q4,4,10,October,25,Friday
1394,2019-10-26,2019,Q4,4,10,October,26,Saturday
1395,2019-10-27,2019,Q4,4,10,October,27,Sunday
1396,2019-10-28,2019,Q4,4,10,October,28,Monday
1397,2019-10-29,2019,Q4,4,10,October,29,Tuesday
1398,2019-10-30,2019,Q4,4,10,October,30,Wednesday
1399,2019-10-31,2019,Q4,4,10,October,31,Thursday
1400,2019-11-01,2019,Q4,4,11,November,1,Friday
1401,2019-11-02,2019,Q4,4,11,November,2,Saturday
1402,2019-11-03,2019,Q4,4,11,November,3,Sunday
1403,2019-11-04,2019,Q4,4,11,November,4,Monday
1404,2019-11-05,2019,Q4,4,11,November,5,Tuesday
1405,2019-11-06,2019,Q4,4,11,November,6,Wednesday
1406,2019-11-07,2019,Q4,4,11,November,7,Thursday
1407,2019-11-08,2019,Q4,4,11,November,8,Friday
1408,2019-11-09,2019,Q4,4,11,November,9,Saturday
1409,2019-11-10,2019,Q4,4,11,November,10,Sunday
1410,2019-11-11,2019,Q4,4,11,November,11,Monday
1411,2019-11-12,2019,Q4,4,11,November,12,Tuesday
1412,2019-11-13,2019,Q4,4,11,November,13,Wednesday
1413,2019-11-14,2019,Q4,4,11,November,14,Thursday
1414,2019-11-15,2019,Q4,4,11,November,15,Friday
1415,2019-11-16,2019,Q4,4,11,November,16,Saturday
1416,2019-11-17,2019,Q4,4,11,November,17,Sunday
1417,2019-11-18,2019,Q4,4,11,November,18,Monday
1418,2019-11-19,2019,Q4,4,11,November,19,Tuesday
1419,2019-11-20,2019,Q4,4,11,November,20,Wednesday
1420,2019-11-21,2019,Q4,4,11,November,21,Thursday
1421,2019-11-22,2019,Q4,4,11,November,22,Friday
1422,2019-11-23,2019,Q4,4,11,November,23,Saturday
1423,2019-11-24,2019,Q4,4,11,November,24,Sunday
1424,2019-11-25,2019,Q4,4,11,November,25,Monday
1425,2019-11-26,2019,Q4,4,11,November,26,Tuesday
1426,2019-11-27,2019,Q4,4,11,November,27,Wednesday
1427,2019-11-28,2019,Q4,4,11,November,28,Thursday
1428,2019-11-29,2019,Q4,4,11,November,29,Friday
1429,2019-11-30,2019,Q4,4,11,November,30,Saturday
1430,2019-12-01,2019,Q4,4,12,December,1,Sunday
1431,2019-12-02,2019,Q4,4,12,December,2,Monday
1432,2019-12-03,2019,Q4,4,12,December,3,Tuesday
1433,2019-12-04,2019,Q4,4,12,December,4,Wednesday
1434,2019-12-05,2019,Q4,4,12,December,5,Thursday
1435,2019-12-06,2019,Q4,4,12,December,6,Friday
1436,2019-12-07,2019,Q4,4,12,December,7,Saturday
1437,2019-12-08,2019,Q4,4,12,December,8,Sunday
1438,2019-12-09,2019,Q4,4,12,December,9,Monday
1439,2019-12-10,2019,Q4,4,12,December,10,Tuesday
1440,2019-12-11,2019,Q4,4,12,December,11,Wednesday
1441,2019-12-12,2019,Q4,4,12,December,12,Thursday
1442,2019-12-13,2019,Q4,4,12,December,13,Friday
1443,2019-12-14,2019,Q4,4,12,December,14,Saturday
1444,2019-12-15,2019,Q4,4,12,December,15,Sunday
1445,2019-12-16,2019,Q4,4,12,December,16,Monday
1446,2019-12-17,2019,Q4,4,12,December,17,Tuesday
1447,2019-12-18,2019,Q4,4,12,December,18,Wednesday
1448,2019-12-19,2019,Q4,4,12,December,19,Thursday
1449,2019-12-20,2019,Q4,4,12,December,20,Friday
1450,2019-12-21,2019,Q4,4,12,December,21,Saturday
1451,2019-12-22,2019,Q4,4,12,December,22,Sunday
1452,2019-12-23,2019,Q4,4,12,December,23,Monday
1453,2019-12-24,2019,Q4,4,12,December,24,Tuesday
1454,2019-12-25,2019,Q4,4,12,December,25,Wednesday
1455,2019-12-26,2019,Q4,4,12,December,26,Thursday
1456,2019-12-27,2019,Q4,4,12,December,27,Friday
1457,2019-12-28,2019,Q4,4,12,December,28,Saturday
1458,2019-12-29,2019,Q4,4,12,December,29,Sunday
1459,2019-12-30,2019,Q4,4,12,December,30,Monday
1460,2019-12-31,2019,Q4,4,12,December,31,Tuesday
